date,20_day_sma,close,ewma_12,ewma_26,high,low,obv_10,open,rsi_14,volume
2015-01-30,110.6415,117.16,113.10071520503477,111.78253544124644,120.0,116.85,36869040.5,118.4,91.43,83745461.0
2015-02-02,111.10650000000001,118.63,113.97764069106155,112.41549636337606,119.17,116.08,37070624.7,118.05,92.46,62739100.0
2015-02-03,111.72650000000002,118.65,114.71515725738925,112.98140496216669,119.09,117.61,39228009.3,118.5,88.13,51915749.0
2015-02-04,112.3915,119.56,115.47685255871856,113.56874052097476,120.51,118.309,38072992.9,118.5,72.85,70149743.0
2015-02-05,113.001,119.94,116.17618072557649,114.12904537112763,120.23,119.25,29055853.4,120.02,74.42,42246245.0
2015-02-06,113.353,118.93,116.60645179053857,114.5454783043838,120.25,118.45,27383335.2,120.02,71.28,43706567.0
2015-02-09,113.73849999999997,119.72,117.09176448635708,114.98870065075084,119.84,118.43,43141060.7,118.55,71.08,38889797.0
2015-02-10,114.37699999999998,122.02,117.85838230082076,115.58407003904188,122.15,120.16,35849534.1,120.17,68.17,62008506.0
2015-02-11,115.10999999999999,124.88,118.94877411872378,116.36293904835371,124.92,122.5,34853337.5,122.77,60.08,73561797.0
2015-02-12,115.94299999999998,126.46,120.11351502250864,117.20079442858643,127.48,125.57,48655105.5,126.06,49.87,74474466.0
2015-02-13,116.95599999999997,127.08,121.1924678632877,118.01333560896968,127.28,125.65,48696436.0,127.28,48.69,54272219.0
2015-02-17,118.04799999999997,127.83,122.21941396652981,118.81418712642893,128.88,126.92,47994034.8,127.49,48.09,63152405.0
2015-02-18,119.04775,128.715,123.223522953891,119.61588540179987,128.78,127.45,37242822.4,127.625,39.39,44891737.0
2015-02-19,119.99274999999997,128.45,124.03085380892674,120.32630880335066,129.03,128.33,37913039.8,128.48,35.77,37362381.0
2015-02-20,120.84749999999997,129.495,124.87437154553845,121.05899003938467,129.5,128.05,49381107.5,128.62,39.03,48948419.0
2015-02-23,121.84849999999997,133.0,126.12809004936342,122.00767303639614,133.0,129.66,38569314.8,130.02,26.87,70974110.0
2015-02-24,122.80199999999998,132.17,127.05989237420144,122.81072903877705,133.6,131.17,24897289.6,132.94,32.7,69228130.0
2015-02-25,123.78449999999998,128.79,127.32661445441717,123.28090127400445,131.6,128.15,26669862.8,131.56,45.53,74711746.0
2015-02-26,124.53974999999998,130.415,127.8025837085925,123.83933564103589,130.87,126.61,13020931.5,128.785,44.98,91287529.0
2015-02-27,125.01774999999998,128.46,127.90387467769239,124.19951270431964,130.57,128.24,12403375.9,130.0,47.38,62014847.0
2015-03-02,125.61425,129.09,128.08658444357116,124.57925071768288,130.28,128.3,9869763.7,129.25,41.77,48096663.0
2015-03-03,126.15074999999999,129.36,128.28270247019157,124.94914567383097,129.52,128.09,2213956.0,128.96,44.73,37816283.0
2015-03-04,126.64524999999999,128.54,128.3223222509993,125.22606318521399,129.56,128.32,298479.5,129.1,45.4,31666340.0
2015-03-05,126.98774999999998,126.41,128.0278953167955,125.31708834420549,128.75,125.76,2687843.6,128.58,42.88,56517146.0
2015-03-06,127.32074999999998,126.6,127.80807791485556,125.41544670483275,129.37,126.26,4443281.3,128.4,44.63,72842060.0
2015-03-09,127.73124999999997,127.14,127.70524080258564,125.54732279154996,129.57,125.06,4480436.1,127.96,41.32,88528487.0
2015-03-10,127.97075,124.51,127.21343911182439,125.46818859724712,127.22,123.8,5057713.3,126.41,54.06,68856582.0
2015-03-11,127.98174999999999,122.24,126.44799676008726,125.22246368706237,124.77,122.11,765232.3,124.75,54.85,68938974.0
2015-03-12,127.96024999999997,124.45,126.14051139375765,125.16378486634271,124.9,121.63,1783988.7,122.31,49.51,48362719.0
2015-03-13,127.81674999999998,123.59,125.74801566706336,125.04446053697403,125.3951,122.58,561752.4,124.4,54.17,51827283.0
2015-03-16,127.71024999999997,124.95,125.62521507474105,125.03731102375576,124.95,122.87,1882434.5,123.88,55.6,35874300.0
2015-03-17,127.67074999999997,127.04,125.84291772299746,125.18864599185083,127.32,125.65,11576163.0,125.9,47.51,51023104.0
2015-03-18,127.65849999999996,128.47,126.2471524608546,125.43623506028352,129.16,126.37,12646928.6,127.0,42.7,65270945.0
2015-03-19,127.61074999999997,127.495,126.43915642896248,125.5913617605824,129.2451,127.4,-1506791.0,128.75,47.62,45809490.0
2015-03-20,127.43099999999997,125.9,126.35619926027154,125.61458784554392,128.4,125.16,-6588672.3,128.25,53.23,68695136.0
2015-03-23,127.14149999999998,127.21,126.48756665409202,125.73450664981854,127.85,126.52,-2987244.5,127.12,48.97,37709674.0
2015-03-24,126.86749999999998,126.69,126.51871294083315,125.80624784909945,128.04,126.56,-1258864.8,127.23,48.89,32842304.0
2015-03-25,126.59699999999998,123.38,126.03579866932115,125.62426174585093,126.82,123.38,-1337849.8,126.54,61.55,51655177.0
2015-03-26,126.28824999999998,124.24,125.7595048337729,125.52052891995963,124.88,122.6,-109736.6,122.76,56.67,47572869.0
2015-03-27,126.02774999999997,123.25,125.37340692715154,125.35052837995997,124.7,122.91,1012800.4,124.57,55.03,39546151.0
2015-03-30,125.89174999999996,126.37,125.52673573953075,125.42679802414698,126.4,124.0,-8298565.3,124.05,54.2,47099670.0
2015-03-31,125.64524999999995,124.43,125.35800083114897,125.3522797149895,126.49,124.355,-18887803.5,126.09,59.27,42090553.0
2015-04-01,125.43074999999995,124.25,125.18753375105636,125.26993213260397,125.12,123.1,-11084841.4,124.82,64.65,40621437.0
2015-04-02,125.37624999999996,125.32,125.2079137216314,125.27367016887237,125.56,124.19,-495930.3,125.03,64.61,32220131.0
2015-04-06,125.41374999999996,127.35,125.53747295036975,125.42859699983796,127.51,124.33,-7768124.5,124.47,60.88,37193975.0
2015-04-07,125.35724999999998,126.01,125.61017081825567,125.47195531473426,128.1218,125.98,-8216818.4,127.64,72.9,35012268.0
2015-04-08,125.41174999999996,125.6,125.60860605151107,125.48149950414866,126.4,124.97,197096.7,125.85,65.33,37329243.0
2015-04-09,125.62774999999996,126.56,125.75497636759327,125.56185145515985,126.58,124.66,-541394.9,125.85,56.07,32483974.0
2015-04-10,125.76024999999997,127.1,125.96190549226542,125.67639956924293,127.21,125.26,-223292.1,125.95,45.15,40187953.0
2015-04-13,125.92324999999997,126.85,126.09853676411079,125.7637645512071,128.57,126.61,-7485718.4,128.37,54.44,36365123.0
2015-04-14,125.99074999999998,126.3,126.12953136675975,125.80366823221215,127.29,125.91,-379621.2,127.0,55.14,25524593.0
2015-04-15,125.97774999999999,126.78,126.22960417085466,125.87629672803844,127.13,126.01,845623.8,126.41,48.1,28970419.0
2015-04-16,125.86275,126.17,126.22043424362339,125.89813818460695,127.1,126.11,-7572093.9,126.28,47.76,28368987.0
2015-04-17,125.72550000000001,124.75,125.99421244699603,125.81278095129693,126.14,124.46,-6586060.4,125.55,51.03,51957046.0
2015-04-20,125.8105,127.6,126.24125774280347,125.94561417845014,128.12,125.17,-6328339.3,125.57,50.04,47054310.0
2015-04-21,125.79549999999999,126.91,126.34414153941951,126.01727326009785,128.2,126.67,1170035.5,128.1,48.81,32435057.0
2015-04-22,125.89199999999998,128.62,126.69427468274155,126.21062520282537,128.87,126.32,2498728.3,126.99,44.17,37654505.0
2015-04-23,126.20649999999998,129.67,127.15207976423578,126.46756098454274,130.42,128.14,2932523.5,128.3,41.95,45770902.0
2015-04-24,126.5085,130.28,127.63329931738282,126.75066354072591,130.63,129.23,16264456.5,130.49,47.35,44525905.0
2015-04-27,126.97850000000001,132.65,128.40510085459843,127.18865370338672,133.13,131.15,6924518.8,132.31,41.52,96954207.0
2015-04-28,127.18800000000002,130.56,128.73662432059297,127.4389133204854,134.54,129.57,-2311131.4,134.455,49.17,118923970.0
2015-04-29,127.39850000000001,128.64,128.72175902075162,127.5280575958795,131.59,128.3,-7793775.0,130.16,53.5,63386083.0
2015-04-30,127.44350000000001,125.15,128.1722570151911,127.35158460589518,127.88,124.58,3253193.4,127.5,64.51,83195423.0
2015-05-01,127.625,128.95,128.29190989590455,127.47018523351281,130.13,125.3,-6551065.4,126.1,58.44,58512638.0
2015-05-04,127.6925,128.7,128.35469303937668,127.56142472143085,130.57,128.26,-8234701.3,129.5,62.51,50988278.0
2015-05-05,127.68199999999999,125.8,127.96166307332916,127.43076039144098,128.4498,125.78,-19214252.8,128.15,62.43,49271416.0
2015-05-06,127.6525,125.01,127.50756080035222,127.25120505870031,126.75,123.36,-19397253.5,126.56,70.69,72141010.0
2015-05-07,127.58750000000002,125.26,127.16178204706995,127.10352580787448,126.08,124.02,-18294805.8,124.77,69.15,43940895.0
2015-05-08,127.61350000000002,127.62,127.23227714583858,127.14182700061514,127.62,126.11,-32193802.2,126.68,58.23,55550382.0
2015-05-11,127.58700000000003,126.32,127.09192676670867,127.08088633237732,127.56,125.625,-25117408.4,127.39,63.94,42035757.0
2015-05-12,127.56525000000002,125.865,126.90316874683674,126.99073219760926,126.88,124.82,-15309376.6,125.6,63.44,48160032.0
2015-05-13,127.52675000000002,126.01,126.76575813605167,126.9180192912423,127.19,125.87,-2469488.7,126.15,63.48,34694235.0
2015-05-14,127.66575,128.95,127.1017954169664,127.06866313600958,128.95,127.16,-12141555.9,127.41,51.57,45203456.0
2015-05-15,127.86675,128.77,127.35844232182757,127.19478635093687,129.49,128.21,-1954436.3,129.07,49.56,38208034.0
2015-05-18,127.99625,130.19,127.79406664597839,127.41681419615685,130.72,128.36,-1490618.7,128.38,40.83,50882918.0
2015-05-19,128.15425000000002,130.07,128.1442102837724,127.61347783918393,130.88,129.64,2077989.1,130.69,40.03,44633240.0
2015-05-20,128.22625000000002,130.06,128.43894719514935,127.79481385404881,130.98,129.34,1656936.0,130.0,46.0,36454932.0
2015-05-21,128.31225,131.39,128.8929553606258,128.06127653105324,131.63,129.83,661495.0,130.07,39.78,39730364.0
2015-05-22,128.42525,132.54,129.4540391948562,128.39320982914873,132.97,131.4,-2204685.3,131.6,30.78,45595972.0
2015-05-26,128.27375,129.62,129.47957162809396,128.48412781244627,132.91,129.12,7194642.5,132.6,38.05,70697560.0
2015-05-27,128.348,132.045,129.87425293801664,128.74801608486845,132.26,130.05,651888.1,130.34,26.74,45833246.0
2015-05-28,128.50500000000002,131.78,130.16744480749546,128.97270206105736,131.95,131.1,-8956902.7,131.86,26.64,30733309.0
2015-05-29,128.7615,130.28,130.1847609916468,129.0695767015162,131.45,129.9,-1924819.6,131.23,36.16,50884452.0
2015-06-01,128.84075,130.535,130.23864391782323,129.17816576222936,131.39,130.05,-10379874.1,131.2,29.71,32112797.0
2015-06-02,128.90375000000003,129.96,130.1957756215521,129.23609876724876,130.655,129.32,-2818195.9,129.86,38.4,33667627.0
2015-06-03,129.11975,130.12,130.18411783333994,129.3015931959311,130.94,129.9,-3017714.5,130.66,35.36,30983542.0
2015-06-04,129.33725,129.36,130.05733047177813,129.30592086561757,130.58,128.91,-10553430.9,129.58,44.25,38450118.0
2015-06-05,129.50675,128.65,129.84081808776722,129.25732124369912,129.69,128.36,-20380506.7,129.5,44.66,35626800.0
2015-06-08,129.51575000000003,127.8,129.52684606967873,129.1493450026097,129.21,126.83,-18918292.7,128.9,45.08,52674786.0
2015-06-09,129.57075000000003,127.42,129.2027159011069,129.02121623495032,128.08,125.62,-19592892.3,126.7,38.45,56075420.0
2015-06-10,129.72150000000005,128.88,129.1530673004174,129.01075357002748,129.34,127.85,-20058650.1,127.92,35.54,39087250.0
2015-06-11,129.85050000000004,128.59,129.06644156112512,128.97958056117787,130.18,128.475,-18658829.5,129.18,42.24,35390887.0
2015-06-12,129.76150000000004,127.17,128.77468131876753,128.84551335405038,128.33,127.11,-26269003.8,128.185,46.85,36886246.0
2015-06-15,129.66900000000004,126.92,128.4893457294571,128.70285889003037,127.24,125.71,-19752828.0,126.1,46.09,43988946.0
2015-06-16,129.53950000000003,127.6,128.35252330880718,128.6211529931471,127.85,126.37,-26142989.3,127.03,41.62,31494131.0
2015-06-17,129.40100000000004,127.3,128.19059664517926,128.52327578195693,127.88,126.74,-18757255.5,127.72,33.36,32918071.0
2015-06-18,129.29200000000006,127.88,128.1428125457375,128.47561940041908,128.31,127.22,-20666264.2,127.23,25.79,35407220.0
2015-06-19,129.05250000000007,126.6,127.90545676869935,128.33666755799737,127.82,126.4,-11994851.1,127.71,40.81,54716887.0
2015-06-22,128.80600000000007,127.61,127.86000188108224,128.28283420729454,128.06,127.08,-9414195.4,127.49,44.98,34039345.0
2015-06-23,128.6765000000001,127.03,127.73230928369574,128.19002189702724,127.61,126.8792,-7794834.9,127.48,46.24,30268863.0
2015-06-24,128.47975000000008,128.11,127.79041554785688,128.18409377091436,129.8,127.12,-7449556.2,127.21,46.61,55280855.0
2015-06-25,128.26575000000008,127.5,127.7457362327276,128.13341558161483,129.2,127.5,-8167615.7,128.86,52.51,31938100.0
2015-06-26,128.08925000000005,126.75,127.5925460428614,128.0309317838163,127.99,126.51,-8684863.8,127.67,57.01,44066841.0
2015-06-29,127.78900000000007,124.53,127.1213851126288,127.77158342363195,126.47,124.48,-7397208.7,125.46,68.21,49161427.0
2015-06-30,127.56225000000009,125.425,126.86040278734575,127.59774996729062,126.12,124.86,-1081520.5,125.57,62.6,44370682.0
2015-07-01,127.38625000000009,126.6,126.8203408200276,127.5238376560824,126.94,125.99,-7343337.7,126.9,47.29,30238811.0
2015-07-02,127.24025000000009,126.44,126.7618268476734,127.44354845052497,126.69,125.77,-4677692.1,126.43,47.48,27210952.0
2015-07-06,127.10775000000008,126.0,126.64462271719049,127.33661285004376,126.23,124.85,-12776307.7,124.94,47.07,28060431.0
2015-07-07,127.00225000000007,125.69,126.49775768370063,127.21463510035042,126.15,123.77,-15825582.8,125.89,44.6,46946811.0
2015-07-08,126.75975000000008,122.57,125.89348727055923,126.87057126882308,124.64,122.54,-29213172.1,124.48,51.65,60761614.0
2015-07-09,126.31925000000008,120.07,124.99756615168002,126.3668024904417,124.06,119.22,-19883914.7,123.85,56.52,78595038.0
2015-07-10,126.05375000000008,123.28,124.73332520518494,126.13814088919423,123.85,121.21,-11333176.8,121.94,47.7,61354474.0
2015-07-13,125.97825000000007,125.66,124.8758905582712,126.102721673711,125.755,124.32,-9593848.0,125.03,38.22,41440538.0
2015-07-14,125.91275000000007,125.61,124.98883047240864,126.06622246300181,126.37,125.04,-10665996.2,126.04,33.18,31768139.0
2015-07-15,125.87375000000009,126.82,125.2705488613223,126.1220596902446,127.15,125.58,-10067632.6,125.72,24.52,33649200.0
2015-07-16,125.93425000000006,128.51,125.76892595966042,126.29894959634586,128.57,127.35,-2730066.4,127.74,21.46,36222447.0
2015-07-17,126.02125000000005,129.62,126.36139888902393,126.54496033358183,129.62,128.31,5965997.0,129.08,17.26,46164710.0
2015-07-20,126.29475000000006,132.07,127.23964521389046,126.95423331953249,132.97,130.7,2985035.4,130.97,8.77,58900203.0
2015-07-21,126.45175000000006,130.75,127.77969979642137,127.23540808453784,132.92,130.32,-2483863.9,132.85,25.97,76756427.0
2015-07-22,126.36125000000004,125.22,127.38589982770874,127.08611522285683,125.5,121.99,275694.7,121.99,25.2,115450607.0
2015-07-23,126.21375000000003,125.16,127.04345370034508,126.94343703556243,127.09,125.06,-10075985.9,126.2,30.43,50999452.0
2015-07-24,126.06375000000003,124.5,126.65215313103816,126.76243819267148,125.74,123.9,-18665593.7,125.32,31.13,42162332.0
2015-07-27,125.86475000000003,122.77,126.05489880315635,126.46669672459713,123.61,122.12,-12126970.1,123.09,35.72,44455540.0
2015-07-28,125.80725000000002,123.38,125.64337591034571,126.23804872464032,123.91,122.55,-19193055.4,123.38,37.27,33618097.0
2015-07-29,125.6855,122.99,125.23516423181641,125.9974488221937,123.5,122.27,-26178126.9,123.15,36.87,37011653.0
2015-07-30,125.474,122.37,124.79436973460056,125.72874508269676,122.5699,121.71,-35083093.2,122.32,35.61,33628268.0
2015-07-31,125.21700000000001,121.3,124.25677439080211,125.40068556540754,122.6425,120.91,-47970710.3,122.6,33.9,42884953.0
2015-08-03,124.83900000000001,118.44,123.36188602296706,124.88507293171087,122.57,117.52,-52708929.9,121.5,29.48,69975968.0
2015-08-04,124.2865,114.64,122.0200574040245,124.12617006080698,117.7,113.25,-31325423.1,117.42,30.63,124138623.0
2015-08-05,123.928,115.4,121.0015870341588,123.47978032698319,117.44,112.1,-31515781.9,112.95,30.3,98384461.0
2015-08-06,123.681,115.13,120.0982659519687,122.86127208563688,116.5,114.115,-23432508.2,115.97,42.29,52903040.0
2015-08-07,123.29299999999998,115.52,119.3939173439657,122.31746927297925,116.25,114.5,-13491794.5,114.58,46.59,38670405.0
2015-08-10,122.99599999999998,119.72,119.444083906433,122.1250625427912,119.99,116.53,-26561885.6,116.53,40.62,54951597.0
2015-08-11,122.38999999999996,113.49,118.52807099774373,121.48542335882844,118.18,113.33,-12692159.3,117.81,48.72,97082814.0
2015-08-12,121.81099999999995,115.24,118.02221392116438,121.02279611043146,115.42,109.63,-14182911.4,112.53,38.21,101685610.0
2015-08-13,121.14299999999994,115.15,117.58033485636734,120.58777130665568,116.4,114.54,-5601464.5,116.04,46.14,48535789.0
2015-08-14,120.45999999999995,115.96,117.33105257077118,120.24497133828993,116.31,114.01,5484606.8,114.32,42.56,42929516.0
2015-08-17,119.71449999999993,117.16,117.30473679065243,120.0164536504811,117.65,115.5,14442398.3,116.04,39.47,40884745.0
2015-08-18,119.00199999999992,116.5,117.18093113055163,119.75597423827952,117.44,116.01,-224698.8,116.43,44.74,34560708.0
2015-08-19,118.49149999999995,115.01,116.8469417258504,119.40441888642269,116.52,114.68,-1784557.0,116.1,44.0,48286510.0
2015-08-20,117.86599999999996,112.65,116.20125838341028,118.90408931526694,114.35,111.63,-18479144.6,114.08,49.9,68501622.0
2015-08-21,116.92899999999997,105.76,114.59491093980535,117.93044902231233,111.9,105.645,-40194933.5,110.43,61.96,128275471.0
2015-08-24,115.94649999999997,103.12,112.82954002598602,116.83337450168747,108.8,92.0,-20126492.2,94.87,68.04,162206292.0
2015-08-25,114.96449999999996,103.74,111.43114925275532,115.86349145238502,111.11,103.5,-20617592.1,111.11,68.37,103601599.0
2015-08-26,114.29949999999997,109.69,111.16328013694648,115.40619428019892,109.89,105.05,-7302407.6,107.085,61.86,96774611.0
2015-08-27,113.82699999999997,112.92,111.43354473126269,115.22203117821708,113.24,110.02,-6278918.5,112.25,51.81,84616056.0
2015-08-28,113.42649999999996,113.29,111.7191532341456,115.07891735271735,113.31,111.54,-15990320.1,112.17,50.29,53164407.0
2015-08-31,113.14249999999997,112.76,111.87928350581562,114.90714524698853,114.53,112.0,-20218835.3,112.13,54.24,56229271.0
2015-09-01,112.79649999999997,107.72,111.23939373568973,114.37476282626524,111.88,107.36,-9201303.1,110.18,61.06,76845860.0
2015-09-02,112.64349999999997,112.34,111.40871777635294,114.22403931544333,112.34,109.131,-7674534.9,110.0,54.5,61888812.0
2015-09-03,112.40549999999996,110.37,111.24891504152934,113.93855432803713,112.78,110.04,153381.1,112.49,61.19,53233940.0
2015-09-04,112.09299999999996,109.27,110.94446657360163,113.59273482305656,110.45,108.51,21858372.9,108.97,63.68,49996311.0
2015-09-08,111.72249999999997,112.31,111.15454863920144,113.49771725935429,112.56,110.32,2997132.6,111.65,50.34,54843626.0
2015-09-09,111.55549999999998,110.15,111.00000269470887,113.24973779374525,114.02,109.77,-391045.4,113.76,47.32,85010804.0
2015-09-10,111.422,112.57,111.24154074167681,113.19938676909868,113.2825,109.9,-3861103.7,110.27,43.03,62892831.0
2015-09-11,111.375,114.21,111.69822678141894,113.27424711437317,114.21,111.76,-3341201.3,111.79,36.79,49915473.0
2015-09-14,111.3425,115.31,112.25388419966228,113.4250438220305,116.89,114.86,6615841.3,116.58,35.69,58363431.0
2015-09-15,111.29850000000002,116.28,112.87328663048355,113.63652231403852,116.53,114.42,18017776.2,115.93,33.49,43341155.0
2015-09-16,111.29400000000001,116.41,113.41739637964,113.84196533640564,116.54,115.44,5417630.9,116.25,35.05,37173489.0
2015-09-17,111.23949999999999,113.92,113.49472001354152,113.84774568787023,116.49,113.715,3312495.8,115.66,39.6,64112641.0
2015-09-18,111.27949999999998,113.45,113.48784001145822,113.81828301594535,114.3,111.87,13334323.4,112.21,37.59,74285291.0
2015-09-21,111.75199999999998,115.21,113.75278770200315,113.9213732548552,115.37,113.66,2815344.9,113.67,40.79,50221965.0
2015-09-22,112.26599999999999,113.4,113.69851267092572,113.88275298186207,114.18,112.5201,14892096.9,113.38,44.19,50346159.0
2015-09-23,112.795,114.32,113.79412610616791,113.91514167463774,114.72,113.3,13624761.3,113.63,41.42,35756716.0
2015-09-24,113.0605,115.0,113.97964516675748,113.99550160748477,115.5,112.37,3018021.4,113.25,34.7,50219475.0
2015-09-25,113.15,114.71,114.09200744879479,114.04842744903324,116.69,114.02,-7896540.6,116.44,41.62,56151926.0
2015-09-28,113.1075,112.44,113.8378524566725,113.92928460271227,114.57,112.44,-19567194.5,113.85,45.5,50782189.0
2015-09-29,112.92249999999999,109.06,113.10279823256901,113.56859665164659,113.51,107.86,-16780383.8,112.83,60.37,73365384.0
2015-09-30,113.03399999999999,109.95,112.61775235063531,113.30055231573913,111.54,108.73,-16762029.7,110.17,63.62,65041596.0
2015-10-01,112.89599999999999,109.58,112.15040583515295,113.02495571511086,109.62,107.31,-3531524.8,109.07,65.3,63929100.0
2015-10-02,112.89649999999999,110.38,111.87803570666787,112.82903298213505,111.0136,107.55,-3347247.0,108.01,67.53,58019758.0
2015-10-05,112.97200000000001,110.78,111.70910713641128,112.67725269853463,111.3698,109.07,6573066.6,109.88,73.34,52064743.0
2015-10-06,112.922,111.31,111.64770603850185,112.57597468212589,111.74,109.765,-1679160.0,110.63,59.43,48856977.0
2015-10-07,112.9535,110.78,111.51421280180925,112.44293947336948,111.77,109.41,-12899065.2,111.74,58.87,46765550.0
2015-10-08,112.8,109.5,111.20433390922321,112.2249438853346,110.19,108.21,-2007258.6,110.19,69.79,61979577.0
2015-10-09,112.6955,112.12,111.34520561549657,112.21717026183826,112.28,109.49,24239.9,110.0,68.02,52766140.0
2015-10-12,112.50999999999999,111.6,111.38440475157402,112.17145393329321,112.75,111.44,10665703.9,112.73,66.57,30467204.0
2015-10-13,112.28549999999998,111.79,111.44680402056262,112.14319807902682,112.45,110.68,-284700.6,110.82,68.54,33049256.0
2015-10-14,111.97549999999998,110.21,111.25652647893762,111.99999818680365,111.52,109.56,9875554.6,111.29,74.58,44462449.0
2015-10-15,111.87249999999999,111.86,111.34936855910107,111.98962794842959,112.1,110.49,150317.9,110.93,71.07,37673452.0
2015-10-16,111.752,111.04,111.30177339616245,111.919285122898,112.0,110.53,-2080241.1,111.78,70.31,39232609.0
2015-10-19,111.578,111.73,111.36765441213745,111.90526400000041,111.75,110.11,-2069162.5,110.8,69.63,29759153.0
2015-10-20,111.59649999999999,113.77,111.73724604103938,112.04339261706585,114.17,110.82,-1625304.9,111.34,65.3,48967763.0
2015-10-21,111.5685,113.76,112.04843895780255,112.17054874036545,115.58,113.7,8738061.7,114.0,55.79,42326974.0
2015-10-22,111.59349999999999,115.5,112.57944834890984,112.4171747970598,115.5,114.1,9398139.1,114.33,51.22,41654089.0
2015-10-23,111.81199999999998,119.08,113.57953321830833,112.91071747410024,119.228,116.33,5811481.4,116.7,42.27,59366914.0
2015-10-26,111.954,115.28,113.84114349241473,113.08621990628157,118.13,114.92,-4481884.2,118.08,43.11,66333781.0
2015-10-27,112.22850000000001,114.55,113.95019833973554,113.1946480744463,116.54,113.99,8519495.9,115.4,49.16,69884400.0
2015-10-28,112.69450000000002,119.27,114.7686293643916,113.64467419325126,119.3,116.06,9874884.1,116.93,34.66,85551352.0
2015-10-29,113.24200000000003,120.53,115.65499407756212,114.15469837981063,120.69,118.27,8861619.6,118.7,42.11,51227334.0
2015-10-30,113.69800000000002,119.5,116.24653345024487,114.55064668587373,121.22,119.45,9106031.0,120.99,48.28,49365254.0
2015-11-02,114.218,121.18,117.00552830405334,115.04170993785115,121.36,119.61,8761152.3,119.87,45.26,32203267.0
2015-11-03,114.78100000000002,122.57,117.86160087266053,115.59936109933014,123.49,120.7,8505244.7,120.79,37.94,45518976.0
2015-11-04,115.34200000000001,122.0,118.49827766148198,116.0734825354069,123.82,121.62,384567.8,123.13,42.41,44886050.0
2015-11-05,115.91300000000001,120.92,118.87085032894629,116.43248385433925,122.69,120.18,-2247895.3,121.85,42.89,39552680.0
2015-11-06,116.36000000000001,121.06,119.20764258603148,116.77526285042282,121.81,120.62,998342.3,121.11,42.03,33042283.0
2015-11-09,116.80850000000002,120.57,119.41723603433434,117.05635450808796,121.81,120.05,2073989.2,120.96,44.44,33871405.0
2015-11-10,117.05750000000003,116.77,119.00996895212904,117.0351430618597,118.07,116.061,-11002943.1,116.9,51.62,59127931.0
2015-11-11,117.35250000000003,116.11,118.56381988257074,116.96661394262235,117.42,115.21,-19378234.4,116.37,50.47,45217971.0
2015-11-12,117.54550000000002,115.72,118.12630913140602,116.874272164673,116.82,115.65,-19022949.3,116.26,48.61,32525579.0
2015-11-13,117.61050000000003,112.34,117.23610772657432,116.53840013758318,115.57,112.27,-18432605.9,115.2,67.51,45812403.0
2015-11-16,117.73275000000004,114.175,116.76516807633212,116.36333345353808,114.24,111.0,-25742813.6,111.38,61.39,38106701.0
2015-11-17,117.72875000000003,113.69,116.29206529535796,116.16530874574859,115.05,113.32,-16586738.9,114.92,62.91,27583101.0
2015-11-18,117.90525000000002,117.29,116.44559371145672,116.24861921195873,117.49,115.5,-8301888.9,115.76,44.97,46674697.0
2015-11-19,118.06925000000004,118.78,116.80473314046338,116.43612890607264,119.75,116.76,-8177407.6,117.64,41.66,43295820.0
2015-11-20,118.08025000000005,119.3,117.18862034962287,116.6482675120242,119.92,118.85,-8038519.9,119.2,33.11,34287096.0
2015-11-23,118.20375000000004,117.75,117.27498644968088,116.72987732822854,119.73,117.34,2154590.4,119.27,34.74,32482528.0
2015-11-24,118.42025000000004,118.88,117.52191161126844,116.88914567840607,119.35,117.12,4537556.7,117.33,26.86,42803172.0
2015-11-25,118.35825000000004,118.03,117.60007905568867,116.97365340795587,119.23,117.92,6485470.1,119.21,31.55,21388308.0
2015-11-27,118.22225000000003,117.81,117.63237458558274,117.03560500874062,118.41,117.6,14984742.6,118.29,28.22,13046445.0
2015-11-30,118.16225000000004,118.3,117.73508618780076,117.12926389890552,119.41,117.75,7688835.1,117.99,23.01,39180322.0
2015-12-01,117.97025000000005,117.34,117.67430369736988,117.14487398076491,118.81,116.86,7108488.9,118.75,28.31,34852374.0
2015-12-02,117.65575000000005,116.28,117.45979543623605,117.080809240321,118.11,116.08,-1715931.7,117.05,29.53,33386563.0
2015-12-03,117.31575000000005,115.2,117.11213459989206,116.94149003506296,116.79,114.22,-267816.0,116.55,35.3,41569509.0
2015-12-04,117.22125000000005,119.03,117.40719081529328,117.09619447924545,119.25,115.11,-6904950.5,115.29,21.29,57776977.0
2015-12-07,117.08225000000007,118.28,117.541469151402,117.18388377830476,119.86,117.81,-7087642.7,118.98,20.8,32084249.0
2015-12-08,116.96525000000005,118.23,117.64739697426323,117.26137386980356,118.6,116.86,-16004095.6,117.52,27.92,34309450.0
2015-12-09,116.90775000000005,115.62,117.33548974745351,117.13979061873155,117.69,115.08,-10943992.1,117.64,29.56,46361357.0
2015-12-10,116.91075000000005,116.17,117.15618363246065,117.06795427580624,116.94,115.51,-14327963.7,116.04,24.99,29212727.0
2015-12-11,116.78375000000005,113.18,116.54446307362056,116.7799576598248,115.39,112.851,-24746356.8,115.19,29.3,46886161.0
2015-12-14,116.79075000000005,112.48,115.91916106229432,116.46144227458565,112.68,109.79,-26593429.9,112.18,26.57,65003609.0
2015-12-15,116.60650000000003,110.49,115.08390551424904,116.01911321331292,112.8,110.35,-17630926.9,111.94,26.55,53323105.0
2015-12-16,116.48900000000003,111.34,114.50792005051842,115.67251223172228,111.99,108.8,-17951258.7,111.07,19.32,56238467.0
2015-12-17,116.07350000000004,108.98,113.65747081197713,115.1767705811845,112.25,108.98,-33374289.1,112.02,23.19,44772827.0
2015-12-18,115.43600000000004,106.03,112.48401376398066,114.4992320148779,109.52,105.81,-25406803.2,108.91,32.18,96453327.0
2015-12-21,114.83750000000002,107.33,111.6910885695221,113.96817778811551,107.37,105.57,-25254794.9,107.28,32.59,47590610.0
2015-12-22,114.31150000000002,107.23,111.00476725113408,113.46905350452234,107.72,106.451,-17352923.8,107.4,29.19,32789367.0
2015-12-23,113.79800000000003,108.61,110.63634152019037,113.10912361330065,108.85,107.2,-21633864.5,107.27,31.37,32657354.0
2015-12-24,113.29800000000003,108.03,110.23536590169954,112.73289223260404,109.0,107.95,-19615669.4,109.0,29.2,13596680.0
2015-12-28,112.74850000000004,106.82,109.70992499374577,112.29490021328985,107.69,106.1807,-10022184.2,107.59,30.05,26704210.0
2015-12-29,112.27050000000001,108.74,109.56070576393874,112.03157427040442,109.43,106.86,-7211251.4,106.96,24.76,30931243.0
2015-12-30,111.76950000000002,107.32,109.21598180025586,111.6825687674691,108.7,107.18,-16926329.7,108.58,25.77,25213777.0
2015-12-31,111.21850000000002,105.26,108.60736921560111,111.2068229310446,107.03,104.82,-5684108.3,107.01,42.56,40912316.0
2016-01-04,110.72600000000003,105.35,108.10623549012402,110.77298419389419,105.368,102.0,-1617874.8,102.61,39.33,67649387.0
2016-01-05,109.91000000000001,102.71,107.27604541472034,110.17572610352327,105.85,102.41,-13222674.6,105.75,44.69,55790992.0
2016-01-06,109.03099999999999,100.7,106.26434612014799,109.47382046412041,102.37,99.87,-18053180.7,100.56,37.93,68457388.0
2016-01-07,107.94199999999998,96.45,104.75444671704831,108.50909301965503,100.13,96.43,-14239114.5,98.68,45.56,81094428.0
2016-01-08,107.00899999999999,96.96,103.55530106827166,107.6536046456293,99.11,96.76,-7905508.8,98.55,50.65,70798016.0
2016-01-11,106.127,98.53,102.78217782699909,106.97778207767757,99.06,97.34,-319665.1,98.97,46.34,49739377.0
2016-01-12,105.46600000000001,99.96,102.34799662284539,106.45794636707416,100.69,98.8399,-9656752.5,100.55,40.61,49154227.0
2016-01-13,104.7115,97.39,101.5852279116384,105.7862466348089,101.19,97.3,-818362.1,100.32,48.17,62439631.0
2016-01-14,104.16300000000001,99.52,101.2675005406171,105.3220802165385,100.48,95.74,-4710519.6,97.96,44.51,63170127.0
2016-01-15,103.45250000000001,97.13,100.63096199590677,104.71525945869607,97.71,95.36,-16784233.0,96.2,44.2,79833891.0
2016-01-19,102.8365,96.66,100.02004476576727,104.11857357190001,98.65,95.5,-3971692.2,98.41,46.98,53087747.0
2016-01-20,102.3745,96.79,99.52311480180308,103.57571626946343,98.1897,93.42,-2342099.7,95.1,46.69,72334416.0
2016-01-21,101.82300000000001,96.3,99.02725098614106,103.03677432282865,97.88,94.94,12347389.8,97.06,46.3,52161463.0
2016-01-22,101.5325,101.42,99.39536621904243,102.91701326172436,101.46,98.37,88135.7,98.63,33.13,65800467.0
2016-01-25,101.07400000000001,99.44,99.40223295457436,102.65945672351214,101.53,99.21,2621898.2,101.52,37.14,51794525.0
2016-01-26,100.67200000000001,99.99,99.49265865387062,102.46171918821912,100.88,98.07,-15630491.9,99.93,42.81,75077002.0
2016-01-27,100.00200000000001,93.42,98.55840347635205,101.79196221063022,96.6289,93.34,-3818646.3,96.04,62.91,133369674.0
2016-01-28,99.26950000000001,94.09,97.87095678768252,101.22144649078493,94.52,92.39,-3694008.6,93.79,55.6,55678825.0
2016-01-29,98.7705,97.34,97.78927112803906,100.9339319356603,97.34,94.35,195026.4,94.79,46.03,64416504.0
2016-02-01,98.32900000000001,96.43,97.58015249295613,100.60030734756322,96.71,95.4,1768079.6,96.47,51.38,40943541.0
2016-02-02,97.7855,94.48,97.10320595557828,100.1469512474035,96.04,94.28,-868932.6,95.42,50.64,37357215.0
2016-02-03,97.4675,96.35,96.98732811625855,99.86569559925226,96.84,94.08,8994378.9,95.0,49.22,45964294.0
2016-02-04,97.26249999999999,96.6,96.92773917529571,99.62379222137423,97.33,95.19,-2227474.2,95.86,50.49,46471652.0
2016-02-05,97.14099999999999,94.02,96.48039468678869,99.20869650102514,96.92,93.69,8354115.8,96.52,60.28,46418064.0
2016-02-08,97.04349999999998,95.01,96.25418011959042,98.89768194522209,95.7,93.04,-3586703.9,93.13,56.33,54021375.0
2016-02-09,96.86649999999999,94.99,96.05969087042267,98.60822402320595,95.94,93.93,5515903.4,94.29,66.2,44331195.0
2016-02-10,96.58199999999998,94.27,95.78435381343456,98.2868740954091,96.35,94.1,-5059450.2,95.92,69.52,42343601.0
2016-02-11,96.39749999999998,93.7,95.4636839959831,97.94710564374854,94.72,92.59,-7465962.5,93.79,73.24,50074711.0
2016-02-12,96.12099999999998,93.99,95.23696338121648,97.65398670705574,94.5,93.01,1534183.2,94.19,75.06,40351381.0
2016-02-16,96.09649999999999,96.64,95.45281516872164,97.57887658057896,96.85,94.61,9756229.0,95.02,65.86,49057916.0
2016-02-17,96.16949999999999,98.12,95.86315129661062,97.6189597968463,98.21,96.15,1257701.3,96.67,59.18,44863243.0
2016-02-18,96.14299999999999,96.26,95.92420494328591,97.51829610815861,98.89,96.091,-6926881.2,98.84,67.26,39020983.0
2016-02-19,96.12999999999998,96.04,95.94201956739576,97.40879269270683,96.7599,95.8,1143001.0,96.0,68.44,35374173.0
2016-02-22,95.90299999999998,96.88,96.08632424933488,97.36962286360664,96.9,95.92,-7453399.8,96.31,69.0,34280758.0
2016-02-23,95.66549999999998,94.69,95.8715051340526,97.17113228106656,96.5,94.55,605294.2,96.4,82.01,31942633.0
2016-02-24,95.47099999999998,96.1,95.9066581903522,97.09178914911693,96.38,93.32,7597920.2,93.98,82.92,36255745.0
2016-02-25,95.63799999999996,96.76,96.03794154568263,97.0672121751029,96.76,95.25,15504504.4,96.05,83.84,27582659.0
2016-02-26,95.77899999999997,96.91,96.17210438480838,97.05556682879661,98.0237,96.58,7947738.6,97.2,82.61,28991131.0
2016-02-29,95.74649999999998,96.69,96.2517806332994,97.02848780443622,98.23,96.65,8082661.7,96.86,84.11,35216277.0
2016-03-01,95.95149999999998,100.53,96.90996822817642,97.28785907822679,100.77,97.42,6913293.4,97.65,77.73,50407147.0
2016-03-02,96.26499999999997,100.75,97.50074234691851,97.54431396136239,100.89,99.64,14510965.9,100.51,79.01,33169560.0
2016-03-03,96.52249999999998,101.5,98.1160127550849,97.8373277420459,101.7099,100.45,22653893.2,100.58,72.85,36955742.0
2016-03-04,96.84299999999999,103.01,98.86893386968721,98.22048865009539,103.75,101.37,15634236.4,102.37,64.65,46055100.0
2016-03-07,97.23549999999997,101.87,99.3306363512738,98.49082282419695,102.83,100.96,15710280.3,102.39,69.71,35915810.0
2016-03-08,97.53649999999998,101.03,99.59207691261628,98.67891002242685,101.76,100.4,14804874.1,100.78,83.02,31182194.0
2016-03-09,97.84299999999998,101.12,99.827142002983,98.85973150226688,101.58,100.27,15397965.9,101.31,85.58,27201683.0
2016-03-10,98.18799999999996,101.17,100.0337355409856,99.03086250211634,102.24,100.15,15239676.5,101.41,81.58,33513577.0
2016-03-11,98.61599999999997,102.26,100.37623776544936,99.27005787235241,102.28,101.5,21268910.4,102.24,81.45,27408237.0
2016-03-14,99.04249999999999,102.52,100.7060473399956,99.51079432627317,102.91,101.78,20234969.1,101.91,82.67,25076062.0
2016-03-15,99.43949999999998,104.58,101.30204005691937,99.88629104287577,105.18,103.85,20748362.4,103.96,71.07,40067734.0
2016-03-16,99.832,105.97,102.02018774047023,100.33693615084451,106.31,104.59,13610717.7,104.61,70.5,38303493.0
2016-03-17,100.309,105.8,102.60169731885942,100.7416075471062,106.47,104.96,13425724.8,105.52,59.5,34420705.0
2016-03-18,100.803,105.92,103.11220542365028,101.125192173271,106.5,105.19,13467038.0,106.34,59.5,44205171.0
2016-03-21,101.25449999999998,105.91,103.5426353584733,101.47962238267932,107.65,105.1401,19829694.9,105.93,60.53,35502678.0
2016-03-22,101.85599999999997,106.72,104.03146068793896,101.86779850250214,107.29,105.21,14539177.1,105.25,62.09,32444375.0
2016-03-23,102.35749999999999,106.13,104.3543128897945,102.18351713196243,107.07,105.9,8574523.9,106.48,68.03,25703495.0
2016-03-24,102.80299999999997,105.67,104.55672629136457,102.44177512219959,106.25,104.89,3892563.0,105.47,70.11,26132955.0
2016-03-28,103.21699999999998,105.19,104.65415301577,102.64534733537884,106.19,105.06,4503965.1,106.0,63.12,19411372.0
2016-03-29,103.76649999999998,107.68,105.11966793642075,103.01828456981025,107.79,104.88,5057306.6,104.89,49.43,31190083.0
2016-03-30,104.21799999999996,109.56,105.80279594620218,103.50285608317571,110.42,108.6,-1361887.6,108.65,41.89,45601149.0
2016-03-31,104.62999999999995,108.99,106.29313503140185,103.9093111881397,109.9,108.88,4667577.9,109.72,44.18,25888449.0
2016-04-01,105.05449999999993,109.99,106.86188348810926,104.35973258162524,110.0,108.2,3982681.2,108.78,37.55,25873950.0
2016-04-04,105.45999999999992,111.12,107.51697833609245,104.86049313114931,112.19,110.27,4875083.8,110.42,32.22,37356204.0
2016-04-05,105.85699999999993,109.81,107.86975089977055,105.22712326959275,110.73,109.42,4271054.0,109.51,33.79,26578652.0
2016-04-06,106.35349999999991,110.96,108.34517383826739,105.65178080518926,110.98,109.2,3661216.5,110.23,26.68,26404077.0
2016-04-07,106.72449999999992,108.54,108.37514709391854,105.86572296777285,110.42,108.121,8632686.0,109.95,20.68,31801870.0
2016-04-08,107.0989999999999,108.66,108.41897061793107,106.07270645164604,109.77,108.17,13514575.0,108.91,17.3,23581740.0
2016-04-11,107.4369999999999,109.02,108.51143667671089,106.29102449226924,110.61,108.83,13118799.2,108.97,15.08,29407518.0
2016-04-12,107.8329999999999,110.44,108.80813872644768,106.59835601136615,110.5,108.66,11884415.9,109.34,9.14,27232325.0
2016-04-13,108.2059999999999,112.04,109.30534815314803,107.00144075127191,112.34,110.8,17020653.1,110.8,8.88,33257316.0
2016-04-14,108.5124999999999,112.1,109.73529459112527,107.37911180673929,112.39,111.33,9739361.2,111.62,8.21,25473923.0
2016-04-15,108.71499999999989,109.85,109.752941577106,107.56214056179834,112.3,109.73,-78405.3,112.11,8.74,46938969.0
2016-04-18,108.79299999999989,107.48,109.40325825755123,107.55605607573912,108.95,106.94,-659028.0,108.89,9.63,60821461.0
2016-04-19,108.84299999999989,106.91,109.0196800640818,107.50820007012821,108.0,106.23,-238332.7,107.88,10.29,32384879.0
2016-04-20,108.8634999999999,107.13,108.72896005422305,107.48018525011837,108.09,106.06,-213398.2,106.64,12.31,30611030.0
2016-04-21,108.85549999999989,105.97,108.30450466126567,107.36831967603432,106.93,105.52,-5939884.3,106.93,12.49,31552525.0
2016-04-22,108.85599999999988,105.68,107.90073471337865,107.24325895928978,106.48,104.62,-11683794.9,105.01,11.3,33683121.0
2016-04-25,108.85049999999987,105.08,107.46677552670502,107.08301755489644,105.65,104.51,-20008643.9,105.0,12.47,28031588.0
2016-04-26,108.68399999999988,104.35,106.98727159951964,106.88057181008755,105.3,103.91,-34794589.7,103.91,26.24,56016165.0
2016-04-27,108.0969999999999,97.82,105.57692212267047,106.20941834266827,98.71,95.68,-45566251.0,96.0,36.38,114602142.0
2016-04-28,107.3889999999999,94.83,103.92354948841349,105.36649846542734,97.88,94.25,-47725501.9,97.61,49.03,82242690.0
2016-04-29,106.5764999999999,93.74,102.35684956711911,104.50527635687126,94.72,92.51,-46459366.2,93.99,51.74,68531478.0
2016-05-02,105.7024999999999,93.64,101.01579578756233,103.700441071172,94.08,92.4,-37537750.6,93.965,55.58,48160104.0
2016-05-03,104.97099999999989,95.18,100.11798105101428,103.0692972881185,95.74,93.68,-44701401.1,94.2,54.52,56831277.0
2016-05-04,104.1324999999999,94.19,99.20598396624284,102.41157156306912,95.9,93.82,-45135198.6,95.2,62.96,41025475.0
2016-05-05,103.36749999999988,93.24,98.28814027912856,101.73219589172724,94.07,92.68,-46136875.1,94.0,71.15,35890500.0
2016-05-06,102.57049999999988,92.72,97.43150331310878,101.06462582567026,93.45,91.85,-40040072.7,93.37,75.05,43699886.0
2016-05-09,101.75899999999987,92.79,96.71742588032279,100.45169057932168,93.77,92.59,-31069772.6,93.0,74.64,32936436.0
2016-05-10,100.90799999999987,93.42,96.21012959104236,99.93082461048095,93.57,92.11,-22481469.3,93.33,71.18,33686836.0
2016-05-11,99.93149999999989,92.51,95.64087888472815,99.38113389859143,93.57,92.46,-21888669.3,93.48,68.96,28719109.0
2016-05-12,98.8434999999999,90.34,94.82535905630843,98.71142027647124,92.78,89.47,-10596245.0,92.72,75.88,76314690.0
2016-05-13,97.87699999999991,90.52,94.16299612456866,98.10464840413812,91.67,90.0,345741.0,90.0,75.91,44392765.0
2016-05-16,97.19699999999992,93.88,94.11945825925041,97.79171148531216,94.39,91.65,-10029080.6,92.39,70.42,61259756.0
2016-05-17,96.52599999999991,93.49,94.02261852705804,97.47306619010298,94.7,93.01,-1720294.0,94.55,73.8,46916939.0
2016-05-18,95.8974999999999,94.56,94.10529259981836,97.25728350935405,95.21,93.89,-1175454.0,94.16,70.54,42062391.0
2016-05-19,95.3089999999999,94.2,94.11986296907708,97.03081806421618,94.64,93.57,6397131.4,94.64,74.75,30442100.0
2016-05-20,94.7859999999999,95.22,94.2891148199883,96.89668339279248,95.43,94.52,6905352.1,94.64,66.7,32025968.0
2016-05-23,94.35349999999991,96.43,94.61848177075935,96.86211425258557,97.19,95.67,7050685.9,95.87,54.1,38018643.0
2016-05-24,94.03099999999992,97.9,95.12333072910405,96.93899467832011,98.09,96.84,13786807.6,97.22,47.74,35140174.0
2016-05-25,94.12099999999992,99.62,95.81512600154959,97.13758766511155,99.74,98.11,27051392.5,98.67,35.13,38642108.0
2016-05-26,94.39999999999993,100.41,96.52202969361888,97.37998857880739,100.73,98.64,18977992.0,99.68,32.04,56331159.0
2016-05-27,94.73049999999992,100.35,97.1109482022929,97.59998942482196,100.47,99.245,8621295.2,99.44,25.2,36341240.0
2016-05-31,95.04149999999991,99.86,97.533879248094,97.7673976155761,100.4,98.82,10395660.6,99.6,25.86,42307212.0
2016-06-01,95.20549999999992,98.46,97.67635936377185,97.81870149590387,99.54,98.33,2170261.5,99.02,36.25,29173285.0
2016-06-02,95.38199999999992,97.72,97.68307330780695,97.81139027398505,97.84,96.63,8064960.3,97.6,37.8,40191600.0
2016-06-03,95.61599999999991,97.92,97.71952356814434,97.81943543887508,98.27,97.45,7191613.9,97.79,40.15,28504888.0
2016-06-06,95.91149999999992,98.63,97.8595968653529,97.87947725821773,101.89,97.55,5630694.6,97.99,26.71,23292504.0
2016-06-07,96.22349999999992,99.03,98.03965888606783,97.96470116501649,99.87,98.96,31864.1,99.25,21.33,22409450.0
2016-06-08,96.49949999999993,98.94,98.17817290359584,98.03694552316348,99.56,98.68,-1172211.3,99.02,30.4,20848131.0
2016-06-09,96.85649999999993,99.65,98.40460784150416,98.1564310399663,99.99,98.46,-9976620.8,98.5,30.91,26601354.0
2016-06-10,97.28099999999992,98.83,98.47005278896506,98.20632503700587,99.3457,98.48,-10144546.2,98.53,38.57,31712936.0
2016-06-13,97.62199999999993,97.34,98.29619851373967,98.14215281204241,99.12,97.1,-2720630.6,98.69,44.39,38020494.0
2016-06-14,97.8009999999999,97.46,98.16755258854896,98.09162297411332,98.475,96.75,-2747824.8,97.32,40.99,31931944.0
2016-06-15,97.9834999999999,97.14,98.00946757492605,98.02113238343823,98.41,97.03,4404016.7,97.82,44.22,29445227.0
2016-06-16,98.1329999999999,97.55,97.93878025570665,97.9862336883687,97.75,96.07,-4547294.0,96.45,44.22,31326815.0
2016-06-17,98.1894999999999,95.33,97.5374294471364,97.78947563737832,96.65,95.3,-10317734.5,96.62,55.42,61008219.0
2016-06-20,98.1834999999999,95.1,97.16244030142312,97.59025521979464,96.57,95.03,-9004043.7,96.0,57.51,34411901.0
2016-06-21,98.1574999999999,95.91,96.96975717812725,97.46579187018017,96.35,94.676,-9841142.8,94.94,56.21,35546358.0
2016-06-22,98.03999999999989,95.55,96.75133299687691,97.32388136127788,96.89,95.35,-9277259.5,96.25,55.35,29219122.0
2016-06-23,97.86399999999989,96.1,96.65112792043432,97.23322348266467,96.29,95.25,-13637101.5,95.94,59.81,32240187.0
2016-06-24,97.5134999999999,93.4,96.15095439421366,96.94928100246719,94.655,92.65,-14497270.9,92.91,74.41,75311356.0
2016-06-27,97.0979999999999,92.04,95.51849987202694,96.58563055783988,93.05,91.5,-13645973.9,93.0,86.37,46622188.0
2016-06-28,96.7844999999999,93.59,95.2218075840228,96.3637319979998,93.66,92.14,-7048350.6,92.9,84.13,40444914.0
2016-06-29,96.5814999999999,94.4,95.09537564801929,96.2182703685183,94.55,93.63,-6597396.5,93.97,82.78,36531006.0
2016-06-30,96.4754999999999,95.6,95.17301016370862,96.17247256344287,95.77,94.3,2106079.4,94.44,74.52,35836356.0
2016-07-01,96.3739999999999,95.89,95.28331629236884,96.1515486698545,96.465,95.33,2776748.5,95.49,66.71,26026540.0
2016-07-05,96.1919999999999,94.99,95.23819070892748,96.06550802764303,95.4,94.46,2317021.7,95.39,63.49,27705210.0
2016-07-06,96.0169999999999,95.53,95.28308444601555,96.02584076633613,95.66,94.37,7752889.7,94.6,56.45,30949090.0
2016-07-07,95.86699999999989,95.94,95.38414837739776,96.01948219105198,96.5,95.62,7420081.3,95.7,73.83,25139558.0
2016-07-08,95.71849999999989,96.68,95.58351016549041,96.06840943615924,96.89,96.05,17330711.4,96.49,74.93,28912103.0
2016-07-11,95.62599999999989,96.98,95.79835475541498,96.13593466311042,97.65,96.73,24409676.5,96.75,73.8,23794945.0
2016-07-12,95.62999999999991,97.42,96.04783863919728,96.23105061399116,97.7,97.12,17775968.0,97.17,76.01,24167463.0
2016-07-13,95.6004999999999,96.87,96.1743250023977,96.27838019813998,97.67,96.84,18014767.1,97.41,71.61,25892171.0
2016-07-14,95.6829999999999,98.79,96.57673654049036,96.46442610938888,98.99,97.32,11417432.5,97.39,70.59,38918997.0
2016-07-15,95.74449999999989,98.78,96.91570014964569,96.63595010128603,99.3,98.5,12464165.2,98.92,70.77,30136990.0
2016-07-18,95.9694999999999,99.83,97.36405397277713,96.87254639007968,100.13,98.6,17612678.6,98.7,71.7,36493867.0
2016-07-19,96.2079999999999,99.87,97.74958413081143,97.09457999081452,100.0,99.34,17145366.4,99.56,73.0,23779924.0
2016-07-20,96.4104999999999,99.96,98.0896481106866,97.30683332482829,100.46,99.735,11361207.8,100.0,73.5,26275968.0
2016-07-21,96.6044999999999,99.43,98.29585609365789,97.46410493039657,101.0,99.13,5638630.6,99.83,72.42,32702028.0
2016-07-22,96.73249999999992,98.66,98.35187823309514,97.55268975036722,99.3,98.31,-779156.0,99.26,75.18,28313669.0
2016-07-25,96.9294999999999,97.34,98.19620465877281,97.53693495404372,98.84,96.92,-8819884.5,98.25,81.26,40382921.0
2016-07-26,97.16099999999992,96.67,97.96140394203853,97.47271755004047,97.97,96.42,3003814.6,96.82,85.64,56239822.0
2016-07-27,97.62899999999992,102.95,98.728880258648,97.87844217596343,104.35,102.75,3098898.8,104.265,77.27,92344820.0
2016-07-28,98.1259999999999,104.34,99.59212944962523,98.35707608885505,104.45,102.82,3339229.0,102.83,73.11,39869839.0
2016-07-29,98.55649999999991,104.21,100.30257107275982,98.79062600819915,104.55,103.68,3506629.4,104.19,73.04,27733688.0
2016-08-01,99.06449999999992,106.05,101.18679090771984,99.32835741499923,106.15,104.41,-2253018.6,104.41,68.37,38167871.0
2016-08-02,99.5389999999999,104.48,101.69343846037833,99.70996056944375,106.07,104.0,-1860351.3,106.05,74.31,33816556.0
2016-08-03,100.05199999999992,105.79,102.3236786972432,100.16033386059608,105.84,104.77,4150716.5,104.81,70.9,30202641.0
2016-08-04,100.54849999999992,105.87,102.86926658997501,100.58327209314454,106.0,105.28,11037423.6,105.58,63.4,27408650.0
2016-08-05,101.08849999999993,107.48,103.57861019151731,101.09414082698571,107.65,106.18,17879437.7,106.27,50.65,40553402.0
2016-08-08,101.65799999999993,108.37,104.31574708513004,101.63309335832011,108.37,107.16,26134940.3,107.52,39.25,28037220.0
2016-08-09,102.22749999999992,108.81,105.00717061049465,102.16471607251863,108.94,108.01,14499607.8,108.23,34.28,26315204.0
2016-08-10,102.78399999999992,108.0,105.46760590118778,102.59695932640615,108.9,107.76,7764173.3,108.71,34.23,24008505.0
2016-08-11,103.24099999999991,107.93,105.84643576254352,102.991999376302,108.93,107.85,12403585.5,108.52,35.64,27484506.0
2016-08-12,103.7109999999999,108.18,106.20544564522915,103.37629571879818,108.44,107.78,11173619.3,107.78,39.26,18660434.0
2016-08-15,104.1934999999999,109.48,106.70922323827082,103.82842196185017,109.54,108.08,11175830.1,108.14,36.43,25868209.0
2016-08-16,104.66899999999991,109.38,107.12011197084453,104.23964996467608,110.23,109.21,5619968.4,109.63,36.83,33794448.0
2016-08-17,105.1319999999999,109.22,107.44317166763769,104.60856478210749,109.37,108.34,680633.1,109.1,43.75,25355976.0
2016-08-18,105.61449999999991,109.08,107.69499141107805,104.93978220565508,109.6,109.02,-837899.9,109.23,31.42,21984703.0
2016-08-19,106.14949999999992,109.36,107.95114657860451,105.26720574597692,109.69,108.36,-6223644.9,108.77,23.35,25368072.0
2016-08-22,106.70799999999993,108.51,108.03712402804996,105.50741272775642,109.1,107.85,-6729398.4,108.86,38.33,25820230.0
2016-08-23,107.31699999999992,108.85,108.16218186988843,105.75501178495963,109.32,108.53,-6696056.0,108.59,47.06,21257669.0
2016-08-24,107.57099999999994,108.03,108.1418461975979,105.92352943051817,108.75,107.68,-6456230.2,108.565,60.21,23675081.0
2016-08-25,107.73249999999993,107.57,108.0538698595059,106.04549021344275,107.88,106.68,-11098902.7,107.39,68.47,25086248.0
2016-08-26,107.86899999999994,106.94,107.88250526573576,106.11175019763218,107.95,106.31,-16182753.6,107.41,68.4,27766291.0
2016-08-29,107.90749999999994,106.82,107.71904291716102,106.16421314595571,107.44,106.29,-15289703.3,106.62,64.76,24970300.0
2016-08-30,107.98349999999994,106.0,107.45457477605932,106.15204920921825,106.5,105.5,-9787865.1,105.8,67.13,24863945.0
2016-08-31,107.99899999999994,106.1,107.24617865666559,106.1481937122391,106.5699,105.64,-4919242.5,105.66,66.92,29662406.0
2016-09-01,108.04199999999994,106.73,107.16676655564012,106.19129047429547,106.8,105.62,-4775804.7,106.14,67.57,26701523.0
2016-09-02,108.05449999999993,107.73,107.25341785477241,106.305268957681,108.0,106.82,-4881820.8,107.7,60.66,26802450.0
2016-09-06,108.02099999999993,107.7,107.32212280019203,106.40858236822315,108.3,107.51,-2771154.9,107.9,61.02,26880391.0
2016-09-07,107.99849999999995,108.36,107.4817962155471,106.55313182242884,108.76,107.07,-5703849.4,107.83,60.26,42364328.0
2016-09-08,107.87449999999994,105.52,107.17998141315523,106.47660353928596,107.27,105.24,-7850923.0,107.25,70.0,53002026.0
2016-09-09,107.63449999999996,103.13,106.55690734959289,106.22870698082035,105.72,103.13,-545016.9,104.64,72.13,46556984.0
2016-09-12,107.49749999999997,105.44,106.38507544965552,106.17028424150034,105.72,102.53,8169632.1,102.65,70.02,45292770.0
2016-09-13,107.42099999999996,107.95,106.62583307278544,106.30211503842624,108.79,107.24,21890058.4,107.51,63.42,62176190.0
2016-09-14,107.54049999999995,111.77,107.41724336927999,106.70714355409837,113.03,108.6,27985135.5,108.73,54.49,112340318.0
2016-09-15,107.85799999999998,115.57,108.67151362015998,107.36365143897996,115.73,113.49,17326292.1,113.86,37.32,90613177.0
2016-09-16,108.14999999999998,114.92,109.63281921705844,107.9233809620185,116.13,114.04,9943742.5,115.12,44.92,79886911.0
2016-09-19,108.36099999999996,113.58,110.24007779904944,108.34238977964677,116.18,113.25,9180354.7,115.19,52.68,47023046.0
2016-09-20,108.61399999999996,113.57,110.7523735222726,108.7296201663396,114.12,112.51,1343603.4,113.05,61.33,34514269.0
2016-09-21,108.84899999999998,113.55,111.18277759576912,109.08668533920333,113.989,112.441,9751204.4,113.85,62.31,36003185.0
2016-09-22,109.17849999999996,114.62,111.71158104257388,109.49656049926233,114.94,114.0,9158787.7,114.35,62.21,31073984.0
2016-09-23,109.43549999999996,112.71,111.86518395910097,109.73459305487253,114.79,111.55,7616454.9,114.42,72.26,52481151.0
2016-09-26,109.73249999999996,112.88,112.02130950385467,109.967586161919,113.39,111.55,3859577.1,111.64,73.58,29869442.0
2016-09-27,110.04599999999996,113.09,112.18572342633855,110.19887607585092,113.18,112.34,-4410346.2,113.0,72.43,24607412.0
2016-09-28,110.44349999999994,113.95,112.45715059151725,110.47673710726939,114.64,113.43,-17060362.9,113.69,69.21,29641085.0
2016-09-29,110.74749999999995,112.18,112.41451203897613,110.60290472895313,113.8,111.8,-5433761.2,113.16,81.91,35886990.0
2016-09-30,111.06349999999995,113.05,112.51227941759518,110.78417104532697,113.37,111.8,-2901632.6,112.46,78.93,36379106.0
2016-10-03,111.30299999999995,112.52,112.51346719950361,110.91275096789535,113.05,112.28,3523477.8,112.71,79.74,21701760.0
2016-10-04,111.56799999999996,113.0,112.58831839957998,111.0673620073105,114.31,112.63,9269105.2,113.06,81.29,29736835.0
2016-10-05,111.80249999999997,113.05,112.65934633810612,111.21422408084305,113.66,112.69,9039638.1,113.4,82.58,21453089.0
2016-10-06,112.22099999999996,113.89,112.84867767070517,111.41242970448431,114.34,113.13,16723597.5,113.7,58.67,28779313.0
2016-10-07,112.76749999999996,114.06,113.03503495213515,111.60854602267065,114.56,113.51,17360248.9,114.31,51.96,24358443.0
2016-10-10,113.29799999999996,116.05,113.49887572872974,111.93754261358393,116.75,114.72,21303612.0,115.02,37.75,36235956.0
2016-10-11,113.71549999999998,116.3,113.92981792430977,112.26068760517029,118.69,116.2,22098182.2,117.7,35.38,64041043.0
2016-10-12,113.99399999999999,117.34,114.45446132056982,112.63693296775025,117.98,116.75,22167640.6,117.35,22.01,37586787.0
2016-10-13,114.06449999999998,116.98,114.84300573278985,112.9586416368058,117.44,115.72,22094949.1,116.79,23.55,35192406.0
2016-10-14,114.19999999999997,117.63,115.2717740815914,113.30466818222759,118.17,117.13,21902635.5,117.88,15.49,35652191.0
2016-10-17,114.39849999999998,117.55,115.62227037673117,113.61913720576628,117.84,116.78,16473604.2,117.33,14.33,23624896.0
2016-10-18,114.59349999999998,117.47,115.90653647261868,113.90438630163544,118.21,117.45,12324835.9,118.18,24.23,24553478.0
2016-10-19,114.77199999999996,117.12,116.0932231691389,114.1425799089217,117.76,113.8,7034324.5,117.25,28.36,20034594.0
2016-10-20,114.89399999999996,117.06,116.24195806619443,114.35868510085342,117.38,116.33,2279213.7,116.86,28.12,24125801.0
2016-10-21,115.08849999999995,116.6,116.29704144062606,114.52470842671613,116.91,116.28,1009485.4,116.81,23.7,23192665.0
2016-10-24,115.32699999999996,117.65,116.50518891129897,114.75621150621866,117.74,117.0,-581721.9,117.1,21.79,23538673.0
2016-10-25,115.58499999999995,118.25,116.77362138648375,115.01501065390617,118.36,117.31,-10953822.5,117.95,16.03,48128970.0
2016-10-26,115.66699999999996,115.59,116.59152578856319,115.05760245732053,115.7,113.31,-10890786.4,114.31,25.35,66134219.0
2016-10-27,115.78199999999997,114.48,116.26667566724578,115.01481709011159,115.86,114.1,-18242171.7,115.39,38.17,34562045.0
2016-10-28,115.81549999999996,113.72,115.87487941074643,114.9189047130663,115.21,113.45,-18521621.9,113.87,39.67,37861662.0
2016-10-31,115.86649999999995,113.54,115.51566719370851,114.81676362320954,114.23,113.2,-20448855.3,113.65,40.43,26419398.0
2016-11-01,115.79099999999994,111.49,114.89633377929182,114.57033668815698,113.77,110.53,-15612225.0,113.46,50.67,43825812.0
2016-11-02,115.71799999999993,111.59,114.38766704401617,114.34957100755277,112.35,111.23,-15892905.1,111.4,50.59,28331709.0
2016-11-03,115.51499999999994,109.83,113.68648749878292,114.01478796995627,111.46,109.55,-16657338.3,110.98,54.22,26932602.0
2016-11-04,115.25399999999995,108.84,112.94087403743171,113.6314703425521,110.25,108.11,-15755205.6,108.53,59.13,30836997.0
2016-11-07,114.97199999999994,110.41,112.55150880090375,113.39284290977047,110.51,109.46,-18142684.7,110.08,53.92,32560000.0
2016-11-08,114.70999999999992,111.06,112.32204590845701,113.22003973126894,111.72,109.7,-17446898.9,110.31,51.4,24254179.0
2016-11-09,114.38699999999992,110.88,112.10019269177133,113.04670345487865,111.32,108.05,-19704148.5,109.88,48.8,59176361.0
2016-11-10,113.92749999999992,107.79,111.4370861238065,112.65731801377652,111.09,105.83,-12503592.5,111.09,56.56,57134541.0
2016-11-11,113.4674999999999,108.43,110.97445748937474,112.34418334608937,108.87,106.55,-14979203.1,106.92,55.77,34143898.0
2016-11-14,112.8754999999999,105.71,110.16454095254787,111.85276235749015,107.809,104.08,-7370170.9,107.32,65.74,51175504.0
2016-11-15,112.35749999999992,107.11,109.69461157523281,111.50144662730568,107.68,106.1593,-4319289.6,106.57,63.87,32264510.0
2016-11-16,112.0009999999999,109.99,109.74005594827392,111.38948761787564,110.23,106.6,-4389229.7,106.7,56.16,58840522.0
2016-11-17,111.6454999999999,109.95,109.77235503315487,111.2828589054404,110.35,108.83,1537361.7,109.81,61.43,27632003.0
2016-11-18,111.3184999999999,110.06,109.81660810497719,111.19227676429668,110.54,109.66,1207818.8,109.72,67.35,28428917.0
2016-11-21,111.0224999999999,111.73,110.11097608882685,111.23210811508952,111.99,110.01,1378954.3,110.12,57.7,29264571.0
2016-11-22,110.6999999999999,111.8,110.37082592131502,111.27417418063843,112.42,111.4,4553951.0,111.95,64.11,25965534.0
2016-11-23,110.4819999999999,111.23,110.50300654880502,111.27090201910966,111.51,110.33,11414997.3,111.36,67.31,27426394.0
2016-11-25,110.3474999999999,111.79,110.70100554129655,111.30935372139783,111.87,110.95,5281209.2,111.13,67.51,11475922.0
2016-11-28,110.23999999999992,111.57,110.83469699648168,111.32866085314613,112.465,111.39,7545884.6,111.43,69.23,27193983.0
2016-11-29,110.13599999999992,111.46,110.93089745856143,111.33838967883901,112.03,110.07,703207.8,110.78,71.58,28528750.0
2016-11-30,110.08749999999993,110.52,110.86768246493659,111.27776822114724,112.2,110.27,-8889530.6,111.56,78.28,36162258.0
2016-12-01,109.98249999999992,109.49,110.65573131648482,111.1453409455067,110.94,109.03,-3473530.6,110.365,86.22,37086862.0
2016-12-02,109.98599999999992,109.9,110.53946496010253,111.05309346806177,110.09,108.85,-9748876.3,109.17,79.56,26527997.0
2016-12-05,109.99949999999993,109.11,110.31954727393291,110.90916061857571,110.03,108.25,-10055787.2,110.0,86.15,34324540.0
2016-12-06,109.97649999999992,109.95,110.262693847174,110.83811168386642,110.36,109.19,-9652468.7,109.5,86.01,26195462.0
2016-12-07,109.97499999999994,111.03,110.38074094760877,110.85232563320965,111.19,109.16,-4202997.7,109.26,79.94,29998719.0
2016-12-08,110.03699999999992,112.12,110.64831926336126,110.94622743815707,112.43,110.6,-1910327.2,110.86,77.09,27068316.0
2016-12-09,110.34499999999991,113.95,111.15627014592107,111.1687291094047,114.7,112.31,-1828366.6,112.31,62.32,34402627.0
2016-12-12,110.58849999999993,113.3,111.48607473885629,111.32660102722656,115.0,112.49,5397889.5,113.29,69.6,26374377.0
2016-12-13,111.06249999999993,115.19,112.05590939441686,111.61277872891348,115.92,113.75,9014115.3,113.84,57.53,43733811.0
2016-12-14,111.46649999999993,115.19,112.53807717989119,111.8777580823273,116.2,114.98,17375255.9,115.04,61.64,34031834.0
2016-12-15,111.75799999999995,115.82,113.04298838298484,112.1697760021549,116.73,115.23,19157569.6,115.38,65.44,46524544.0
2016-12-16,112.05899999999994,115.97,113.49329786252565,112.45127407606937,116.5,115.645,25367965.9,116.47,69.61,44351134.0
2016-12-19,112.38799999999995,116.64,113.97740588367554,112.76155007043461,117.38,115.75,24890916.2,115.8,67.27,27779423.0
2016-12-20,112.64899999999993,116.95,114.43472805541778,113.07180562077279,117.5,116.68,24269360.8,116.74,68.72,21424965.0
2016-12-21,112.91199999999992,117.06,114.83861604689196,113.36722742664148,117.4,116.78,18953943.8,116.8,63.91,23783165.0
2016-12-22,113.16499999999992,116.29,115.06190588583165,113.58372909874211,116.51,115.64,16938629.5,116.35,68.81,26085854.0
2016-12-23,113.40149999999991,116.52,115.28622805724217,113.80123064698343,116.52,115.59,21405752.7,115.59,71.64,14249484.0
2016-12-27,113.68599999999992,117.26,115.5898852792049,114.05743578424392,117.8,116.49,14941782.4,116.52,68.67,18296855.0
2016-12-28,113.95099999999994,116.76,115.76990292855801,114.25762572615179,118.0166,116.2,13437830.5,117.52,71.51,20905892.0
2016-12-29,114.26149999999993,116.73,115.91761017031833,114.44076456125165,117.1095,116.4,5726749.6,116.45,72.68,15039519.0
2016-12-30,114.57799999999995,115.82,115.90259322103857,114.54293014930708,117.2,115.43,4169822.7,116.65,83.39,30586265.0
2017-01-03,114.89049999999995,116.15,115.94065580241724,114.66197236046952,116.33,114.76,-719931.2,115.8,81.01,28781865.0
2017-01-04,115.23599999999995,116.02,115.95286260204536,114.76256700043474,116.51,115.75,-643069.0,115.85,86.9,21118116.0
2017-01-05,115.56899999999996,116.61,116.05396066326915,114.89941388929142,116.8642,115.81,153804.5,115.92,85.96,22193587.0
2017-01-06,115.91299999999994,117.91,116.33950517661236,115.12242026786242,118.16,116.47,6118584.7,116.78,83.01,31751900.0
2017-01-09,116.25649999999993,118.99,116.7472736109797,115.40890765542817,119.43,117.94,7139841.4,117.95,74.63,33561948.0
2017-01-10,116.51449999999996,119.11,117.11076997852129,115.68306264391497,119.38,118.3,8069015.2,118.77,70.29,24462051.0
2017-01-11,116.83699999999995,119.75,117.51680536644109,115.98431726288423,119.93,118.6,7450982.4,118.74,86.64,27588593.0
2017-01-12,117.03999999999994,119.25,117.78345069468092,116.22621968785577,119.3,118.21,6343739.5,118.895,88.67,27086220.0
2017-01-13,117.23249999999993,119.04,117.97676597242231,116.43464785912572,119.62,118.81,12846350.3,119.11,90.68,26111948.0
2017-01-17,117.44149999999993,120.0,118.2880327458958,116.698748017709,120.24,118.22,7596867.7,118.34,90.87,34439843.0
2017-01-18,117.64249999999993,119.99,118.54987386191183,116.94254446084166,120.5,119.71,7148950.2,120.0,91.75,23712961.0
2017-01-19,117.79949999999994,119.78,118.73912403700231,117.15272635263116,120.09,119.37,8189380.7,119.4,93.41,25597291.0
2017-01-20,117.95199999999996,120.0,118.93310495438658,117.36363551169553,120.45,119.7346,7219212.5,120.45,93.49,32597892.0
2017-01-23,118.10299999999995,120.08,119.10955034601942,117.56484769601437,120.81,119.77,1541913.9,120.0,91.52,22050218.0
2017-01-24,118.28699999999995,119.97,119.2419272158626,117.74300712593924,120.1,119.5,2354376.1,119.55,92.8,23211038.0
2017-01-25,118.55499999999995,121.88,119.64778456726836,118.04945104253635,122.1,120.28,2229274.4,120.42,92.72,32586673.0
2017-01-26,118.78899999999994,121.94,120.00043309538091,118.33763985420032,122.44,121.6,6994190.8,121.67,92.92,26337576.0
2017-01-27,119.04849999999992,121.95,120.30036646532231,118.60522208722253,122.35,121.6,6567635.3,122.14,91.95,20562944.0
2017-01-30,119.29349999999992,121.63,120.50492547065734,118.82927971039123,121.63,120.66,-1796448.3,120.93,93.98,30377503.0
2017-01-31,119.56999999999991,121.35,120.63493693671006,119.01599973184372,121.39,120.62,11773351.8,121.15,95.9,49200993.0
2017-02-01,120.1999999999999,128.75,121.8834081772162,119.73703678874419,130.49,127.01,10962039.8,127.03,92.96,111985040.0
2017-02-02,120.82549999999992,128.53,122.90596076533677,120.38836739698536,129.39,127.78,10152980.7,127.975,89.64,33710411.0
2017-02-03,121.44899999999991,129.08,123.85581295528497,121.0321920342457,129.19,128.16,10632551.3,128.31,89.19,24507301.0
2017-02-06,122.06799999999991,130.29,124.84568788524113,121.71795558726454,130.5,128.9,16772039.2,129.13,88.03,26845924.0
2017-02-07,122.69499999999994,131.53,125.87404359520404,122.44477369191162,132.09,130.45,15813779.1,130.54,86.16,38183841.0
2017-02-08,123.34149999999993,132.04,126.82265227286494,123.15553119621447,132.22,131.22,16015007.4,131.35,89.38,23004072.0
2017-02-09,123.97499999999994,132.42,127.68378269242417,123.84178814464303,132.445,131.12,11952167.2,131.65,81.78,28349859.0
2017-02-10,124.61849999999993,132.12,128.36627766282047,124.45498902281761,132.94,132.05,17293459.6,132.46,85.43,20065458.0
2017-02-13,125.33099999999993,133.29,129.12377340700192,125.10943428038667,133.82,132.75,25536181.2,133.08,80.01,23035421.0
2017-02-14,126.08199999999992,135.02,130.0308851905401,125.84355025961729,135.09,133.25,17899987.2,133.47,76.38,33226223.0
2017-02-15,126.85799999999995,135.51,130.873825930457,126.55958357371972,136.27,134.62,19012572.8,135.52,70.39,35623100.0
2017-02-16,127.63624999999993,135.345,131.56169886423285,127.21035516085159,135.9,134.8398,18781662.4,135.67,69.13,22584555.0
2017-02-17,128.4222499999999,135.72,132.20143750050474,127.84069922301074,135.83,135.1,18547785.6,135.1,69.43,22198197.0
2017-02-21,129.25324999999992,136.7,132.89352403888861,128.49694372500994,136.75,135.98,16813094.7,136.23,65.86,24507156.0
2017-02-22,130.11024999999992,137.11,133.54221264829036,129.1349478935277,137.12,136.11,12433868.9,136.43,62.24,20836932.0
2017-02-23,130.84274999999994,136.53,134.00187224086105,129.68272953104417,137.48,136.3,11776541.5,137.38,72.93,20788186.0
2017-02-24,131.57874999999993,136.66,134.41081497303625,130.19956438059646,136.66,135.28,15808829.9,135.91,73.24,21776585.0
2017-02-27,132.32774999999992,136.93,134.79838190026146,130.69811516721896,137.435,136.28,15853573.8,137.14,66.81,20257426.0
2017-02-28,133.0957499999999,136.99,135.13555391560584,131.1641807103879,137.435,136.7,16172410.0,137.08,71.27,23482860.0
2017-03-01,134.01774999999992,139.79,135.85162254397417,131.80313028739621,140.15,137.595,9989001.6,137.89,50.27,36414585.0
2017-03-02,134.5282499999999,138.96,136.32983446028584,132.33326878462614,140.2786,138.76,14404569.2,140.0,62.2,26210984.0
2017-03-03,135.0907499999999,139.78,136.8606291587034,132.88487850428348,139.83,138.59,10009745.1,138.78,55.84,21571121.0
2017-03-06,135.60374999999993,139.34,137.24207082659518,133.36303565211432,139.77,138.5959,9303659.2,139.365,56.77,21750044.0
2017-03-07,136.06524999999993,139.52,137.59252146865745,133.81910708529105,139.98,138.79,5349242.4,139.06,57.04,17446297.0
2017-03-08,136.4387499999999,139.0,137.80905662732553,134.20287693082506,139.8,138.82,5212470.6,138.95,69.9,18707236.0
2017-03-09,136.7707499999999,138.68,137.9430479154293,134.5345156766899,138.79,137.05,4996092.2,138.74,72.55,22155904.0
2017-03-10,137.1067499999999,139.14,138.12719438997863,134.87566266360173,139.3571,138.64,4712521.3,139.25,70.31,19612801.0
2017-03-13,137.4607499999999,139.2,138.29224140690496,135.19598394777938,139.43,138.82,833328.8,138.85,68.58,17421717.0
2017-03-14,137.7457499999999,138.99,138.39958888276573,135.47702217386978,139.65,138.84,-238952.3,139.3,69.91,15309065.0
2017-03-15,138.01774999999992,140.46,138.71657520849408,135.84613164247202,140.7501,139.025,4305345.9,139.41,68.85,25691774.0
2017-03-16,138.2767499999999,140.69,139.02017902257194,136.20493670599262,141.02,140.26,-2240261.4,140.72,63.93,19231998.0
2017-03-17,138.5089999999999,139.99,139.16938224986856,136.485311764808,141.0,139.89,2088946.8,141.0,65.81,43884952.0
2017-03-20,138.7959999999999,141.46,139.52178498065803,136.85380718963702,141.5,140.23,-3608674.1,140.4,58.99,21542038.0
2017-03-21,138.95299999999992,139.84,139.57074113747987,137.0750066570713,142.8,139.73,848066.0,142.11,68.48,39529912.0
2017-03-22,139.16849999999994,141.42,139.85524250094448,137.39685801580677,141.6,139.76,1029026.3,139.845,51.17,25860165.0
2017-03-23,139.38799999999992,140.92,140.019051346953,137.65783149611738,141.5844,140.61,-3171810.1,141.26,55.09,20346301.0
2017-03-24,139.58699999999993,140.64,140.11458190896022,137.87873286677535,141.74,140.35,-2556472.4,141.5,52.25,22395563.0
2017-03-27,139.78449999999992,140.88,140.23233853835094,138.1010489507179,141.22,138.62,2311914.6,139.39,54.92,23575094.0
2017-03-28,140.12499999999994,143.8,140.7812095324508,138.52319347288696,144.04,140.62,2661732.7,140.91,32.34,33374805.0
2017-03-29,140.34149999999994,144.12,141.29486960438143,138.93777173415458,144.49,143.19,-1382192.3,143.68,27.25,29189955.0
2017-03-30,140.58999999999995,143.93,141.70027428063045,139.3075664205135,144.5,143.5,1040137.8,144.19,41.84,21207252.0
2017-03-31,140.78399999999993,143.66,142.00177054514884,139.62996890788287,144.27,143.01,884505.4,143.72,42.3,19661651.0
2017-04-03,141.0019999999999,143.7,142.26303661512597,139.93145269248416,144.12,143.05,6826632.0,143.71,49.71,19985714.0
2017-04-04,141.2644999999999,144.77,142.64872328972197,140.289863604152,144.89,143.17,1468830.1,143.25,48.87,19891354.0
2017-04-05,141.51549999999992,144.02,142.85968893745707,140.56617000384446,145.46,143.81,1388556.8,144.22,48.21,27717854.0
2017-04-06,141.7644999999999,143.66,142.98281371630983,140.7953425961523,144.52,143.45,1962258.8,144.29,50.64,21149034.0
2017-04-07,141.97449999999992,143.34,143.0377654522622,140.98383573717803,144.18,143.27,-2288590.3,143.73,51.56,16658543.0
2017-04-10,142.17299999999994,143.17,143.05810922883725,141.1457738307204,143.8792,142.9,-8664008.4,143.6,63.5,18933397.0
2017-04-11,142.30499999999992,141.63,142.83840011670844,141.18164243585224,143.35,140.06,-9548003.9,142.94,74.34,30379376.0
2017-04-12,142.37199999999993,141.8,142.67864625259946,141.22744669986318,142.15,141.01,-9209566.7,141.6,71.28,20350000.0
2017-04-13,142.38999999999993,141.05,142.42808529066107,141.21430249987333,142.38,141.05,-5585192.2,141.91,72.57,17822880.0
2017-04-17,142.4819999999999,141.83,142.33607216902092,141.25990972210494,141.88,140.87,-9053518.0,141.48,75.86,16582094.0
2017-04-18,142.4689999999999,141.2,142.1612918353254,141.25547196491198,142.04,141.11,-12775490.9,141.41,84.31,14697544.0
2017-04-19,142.5109999999999,140.68,141.93340078373686,141.21284441195553,142.0,140.45,-7671749.3,141.88,87.65,17328375.0
2017-04-20,142.5619999999999,142.44,142.0113391247004,141.30374482588476,142.92,141.16,-7288938.7,141.22,82.63,23319562.0
2017-04-21,142.6294999999999,142.27,142.05113310551573,141.37531928322662,142.68,141.85,-3911424.5,142.44,84.16,17320928.0
2017-04-24,142.7794999999999,143.64,142.29557416620563,141.543073410395,143.95,143.18,-196437.6,143.5,84.85,17116599.0
2017-04-25,142.9624999999999,144.54,142.64087044832783,141.76506797258796,144.9,143.87,880071.3,143.91,82.11,18216472.0
2017-04-26,142.95503999999988,143.6508,142.79624422550816,141.90475182647035,144.6,143.3762,239969.3,144.47,85.35,19614287.0
2017-04-27,142.93853999999988,143.79,142.94912972927614,142.0443998393244,144.16,143.31,-2461.4,143.9225,64.82,13948980.0
2017-04-28,142.9245399999999,143.65,143.05695592477213,142.16333318455963,144.3,143.27,1621205.2,144.09,68.56,20247187.0
2017-05-01,143.07153999999989,146.6,143.60203962865333,142.49197517088854,147.2,144.96,7066226.6,145.1,64.85,32818760.0
2017-05-02,143.2620399999999,147.51,144.2032643011682,142.8636807137857,148.09,146.84,4284783.5,147.54,65.04,39752670.0
2017-05-03,143.3765399999999,147.06,144.64276210098848,143.1745191794312,147.49,144.27,-374741.7,145.59,65.84,45142806.0
2017-05-04,143.5020399999999,146.53,144.93310639314407,143.42307331428816,147.14,145.81,4036087.0,146.52,66.05,23275690.0
2017-05-05,143.7670399999999,148.96,145.55262848650653,143.8332160317483,148.98,146.76,7158348.1,146.76,62.71,26787359.0
2017-05-08,144.2500399999999,153.0,146.6983779501209,144.5122370664336,153.7,149.03,8930944.4,149.03,51.96,48339210.0
2017-05-09,144.7895399999999,153.96,147.81555057317922,145.2120713578089,154.88,153.45,8325327.5,153.87,49.01,35942435.0
2017-05-10,145.3710399999999,153.26,148.6531581773055,145.8082142201934,153.94,152.11,9490098.2,153.63,48.32,25670456.0
2017-05-11,145.9785399999999,153.95,149.4680569192585,146.41130946314203,154.07,152.31,14736992.5,152.45,47.36,25596687.0
2017-05-12,146.73103999999987,156.1,150.48835585475717,147.12899024365004,156.42,154.67,8885018.2,154.7,47.79,32221756.0
2017-05-15,147.42453999999987,155.7,151.2901472617176,147.76387985523152,156.65,155.05,2919283.3,156.01,44.4,25700983.0
2017-05-16,148.13803999999988,155.47,151.93320152914566,148.3347035696588,156.06,154.72,2485282.1,155.94,46.83,19904679.0
2017-05-17,148.61653999999987,150.25,151.67424744773862,148.4765773793137,154.57,149.71,8128817.5,153.6,71.69,49482818.0
2017-05-18,149.12153999999987,152.54,151.80744014808653,148.7775716475127,153.34,151.13,8123461.4,151.27,62.39,33159664.0
2017-05-19,149.65603999999988,152.96,151.9847570483809,149.08738115510437,153.98,152.63,5523547.3,153.38,37.14,26733798.0
2017-05-22,150.1735399999999,153.99,152.29325596401463,149.45053810657814,154.58,152.91,-13732.0,154.0,26.06,22340069.0
2017-05-23,150.6365399999999,153.8,152.52506273878163,149.77272046905384,154.9,153.31,641481.7,154.9,31.21,19430358.0
2017-05-24,151.12099999999992,153.34,152.650437702046,150.03696339727207,154.17,152.67,-13740.7,153.84,29.71,19118319.0
2017-05-25,151.62499999999991,153.87,152.838062670962,150.32089203451116,154.35,153.03,-5399136.5,153.73,26.63,19044463.0
2017-05-26,152.1229999999999,153.61,152.95682226004476,150.5645296615844,154.24,153.31,-825544.8,154.0,24.53,21632202.0
2017-05-30,152.47649999999993,153.67,153.06654191234557,150.79456450146705,154.43,153.33,-1151364.2,153.42,36.05,20034934.0
2017-05-31,152.7389999999999,152.76,153.01938161813857,150.9401523161732,154.17,152.38,5414931.9,153.97,35.48,23162873.0
2017-06-01,153.0449999999999,153.18,153.04409213842493,151.10606695941962,153.33,152.22,4827551.6,153.17,36.53,16180143.0
2017-06-02,153.49099999999987,155.45,153.41423180943647,151.4278397772404,155.45,152.89,-326214.0,153.58,30.44,27285861.0
2017-06-05,153.73949999999985,153.93,153.49358076183086,151.61318497892628,154.45,153.46,64742.1,154.34,34.4,24803858.0
2017-06-06,153.81199999999984,154.45,153.64072218308763,151.82331942493173,155.81,153.78,4075655.1,153.9,32.25,26249630.0
2017-06-07,153.88249999999985,155.37,153.90676492415108,152.0860365045664,155.98,154.48,3910350.3,155.02,27.17,20678772.0
2017-06-08,153.96899999999982,154.99,154.0734164742817,152.30114491163556,155.54,154.4,-4411710.9,155.25,33.15,20771367.0
2017-06-09,153.72049999999984,148.98,153.28981393977682,152.05513417744032,155.19,146.02,-9404852.1,155.19,38.64,64176149.0
2017-06-12,153.18149999999986,145.32,152.06368871827272,151.55623534948177,146.09,142.51,-8033430.1,145.74,46.75,71563614.0
2017-06-13,152.72599999999986,146.59,151.22158276161537,151.18836606433496,147.45,145.15,-8839563.1,147.16,41.97,33749154.0
2017-06-14,152.21049999999985,145.16,150.28903156752068,150.74182042993976,147.5,143.84,-13592460.6,147.5,47.09,31224203.0
2017-06-15,151.91249999999985,144.29,149.36610363405595,150.26390780549977,144.4798,142.21,-21239121.5,143.32,45.87,31348832.0
2017-06-16,151.39899999999986,142.27,148.2743953826627,149.67176648657386,144.5,142.2,-15613822.5,143.78,55.21,49180748.0
2017-06-19,151.06799999999987,146.34,147.9767960930223,149.42496896904984,146.74,143.66,-20696002.5,143.66,45.77,31449132.0
2017-06-20,150.61899999999986,145.01,147.52036592486502,149.0979342306017,146.87,144.94,-20657411.8,146.87,51.82,24572170.0
2017-06-21,150.22249999999985,145.87,147.2664634748858,148.8588279912979,146.0693,144.61,-20447611.6,145.52,49.52,21064679.0
2017-06-22,149.83699999999985,145.63,147.0146998633649,148.61965554749807,146.7,145.1199,-11430199.1,145.77,56.94,18673365.0
2017-06-23,149.46099999999984,146.35,146.91243834592416,148.45153291435005,147.16,145.11,-6826303.8,145.13,58.42,25997976.0
2017-06-26,149.07149999999984,145.82,146.74437090808965,148.2566045503241,148.28,145.38,-12643583.5,147.17,61.72,25524661.0
2017-06-27,148.57499999999987,143.74,146.28215999915278,147.9220412503001,146.16,143.62,-7329569.3,145.01,72.01,24423643.0
2017-06-28,148.22849999999985,145.83,146.21259692236006,147.76707523175935,146.11,143.1601,-7306384.1,144.49,69.58,21915939.0
2017-06-29,147.75349999999986,143.68,145.82296662661236,147.4643289182957,145.13,142.28,-155411.4,144.71,78.27,31116980.0
2017-06-30,147.18199999999985,144.02,145.54558714559508,147.2091934428664,144.96,143.78,-4728005.8,144.45,77.15,22328979.0
2017-07-03,146.66049999999987,143.5,145.23088143088813,146.93443837302445,145.3001,143.1,-194909.3,144.88,83.53,14276812.0
2017-07-05,146.14249999999987,144.09,145.0553612107515,146.7237392342819,144.79,142.7237,-4638814.6,143.69,83.61,20758795.0
2017-07-06,145.5104999999999,142.73,144.69761333217434,146.42790669840917,143.5,142.41,-920943.0,143.02,93.87,23374374.0
2017-07-07,144.96999999999989,144.18,144.61798051183985,146.2613950911196,144.75,142.9,-1417694.0,142.9,73.32,18505351.0
2017-07-10,144.7739999999999,145.06,144.68598351001833,146.17240286214778,145.95,143.37,2965887.7,144.11,66.02,21030466.0
2017-07-11,144.7844999999999,145.53,144.81583220078474,146.12481746495163,145.85,144.38,7770048.4,144.73,61.82,18311156.0
2017-07-12,144.74199999999988,145.74,144.95801186220245,146.0963124675478,146.18,144.82,8070733.3,145.87,64.34,23617964.0
2017-07-13,144.8724999999999,147.77,145.3906254218636,146.2202893218035,148.49,145.44,13178610.1,145.5,73.32,24922788.0
2017-07-14,145.10999999999987,149.04,145.9520676646538,146.42915677944768,149.33,147.33,13270083.5,147.97,66.01,19961788.0
2017-07-17,145.47449999999986,149.56,146.50713417778397,146.6610710920812,150.9,148.57,16469144.2,148.82,66.51,23243713.0
2017-07-18,145.66149999999988,150.08,147.0568058427403,146.91432508526034,150.13,148.67,16454806.6,149.2,70.96,17713795.0
2017-07-19,145.96199999999985,151.02,147.66652802078025,147.21844915301884,151.42,149.95,17086911.4,150.48,71.0,20615419.0
2017-07-20,146.18549999999988,150.34,148.07783140219868,147.4496751416841,151.74,150.19,12769276.1,151.5,58.5,17053326.0
2017-07-21,146.41749999999985,150.27,148.41508810955273,147.65858809415195,150.44,148.88,12778502.5,149.99,61.57,24671002.0
2017-07-24,146.70449999999988,152.09,148.98045916962155,147.98684082791846,152.44,149.9,12808651.8,150.58,62.24,21122730.0
2017-07-25,147.05049999999986,152.74,149.55885006660287,148.33892669251708,153.84,151.8,11964069.0,151.8,63.51,18612649.0
2017-07-26,147.53649999999985,153.46,150.1590269794332,148.71826545603432,153.93,153.06,6254202.7,153.35,61.44,15172136.0
2017-07-27,147.77299999999985,150.56,150.22071513644346,148.8546902370688,153.99,147.3,2574729.2,153.75,61.11,32175875.0
2017-07-28,148.06399999999985,149.5,150.10983588468292,148.90249096024888,150.23,149.19,-1691907.6,149.89,62.41,16832947.0
2017-07-31,148.30549999999985,148.85,149.9160149793471,148.8986027409712,150.33,148.13,-990734.5,149.9,63.12,19422655.0
2017-08-01,148.63299999999987,150.05,149.93662805944754,148.98389142682518,150.22,148.41,3870002.9,149.1,64.64,24725526.0
2017-08-02,149.28549999999984,157.14,151.04483912722486,149.58804761743073,159.75,156.16,2975261.7,159.28,55.39,69222793.0
2017-08-03,149.92749999999984,155.57,151.74101772303644,150.03115520132474,157.21,155.02,7477315.1,157.05,57.26,26000738.0
2017-08-04,150.53799999999984,156.39,152.4562457656462,150.50218074196735,157.4,155.69,8942609.6,156.07,56.87,20349532.0
2017-08-08,151.28899999999985,160.08,153.62913103246987,151.21164883515496,161.83,158.27,9645384.1,158.6,53.0,35775675.0
2017-08-09,152.06549999999984,161.06,154.77234164285912,151.9411563288472,161.27,159.11,4220068.8,159.26,53.91,25640394.0
2017-08-10,152.54199999999983,155.27,154.84890446703463,152.18773734152518,160.0,154.63,10031975.0,159.9,72.1,39081017.0
2017-08-11,153.02749999999983,157.48,155.25368839518316,152.57975679770848,158.5728,156.07,13890750.7,156.6,69.5,25943187.0
2017-08-14,153.5679999999998,159.85,155.9608132574627,153.11829333121156,160.21,158.75,18626693.6,159.32,64.58,21754810.0
2017-08-15,154.16999999999982,161.6,156.82838044862228,153.74656789926996,162.195,160.14,13421964.9,160.66,51.64,27936774.0
2017-08-16,154.7134999999998,160.95,157.46247576421885,154.28015546228698,162.51,160.15,3807116.2,161.94,53.39,27321761.0
2017-08-17,155.0559999999998,157.87,157.52517180049287,154.54606987248795,160.71,157.84,3705937.5,160.52,64.47,26925694.0
2017-08-18,155.41399999999982,157.5,157.52129921580166,154.76487951156292,159.5,156.72,-943581.0,157.86,54.04,27012525.0
2017-08-21,155.7609999999998,157.21,157.47340702875528,154.94599954774344,157.89,155.1101,-2391367.3,157.5,62.96,26145653.0
2017-08-22,156.1454999999998,159.78,157.82826748586984,155.304073655318,160.0,158.02,-3035587.8,158.23,53.55,21297812.0
2017-08-23,156.5074999999998,159.98,158.15930325727447,155.6504385697389,160.47,158.88,-1030448.2,159.07,48.94,19198189.0
2017-08-24,156.7979999999998,159.27,158.33017967923226,155.9185542312397,160.74,158.55,-1123245.1,160.43,46.96,19029621.0
2017-08-25,157.2629999999998,159.86,158.56553665165805,156.2105131770738,160.56,159.27,-770758.7,159.65,50.06,25015218.0
2017-08-28,157.8614999999998,161.47,159.0123771667876,156.60010479358687,162.0,159.93,-633649.9,160.14,41.72,25279674.0
2017-08-29,158.56449999999978,162.91,159.61201144882025,157.06750443850635,163.12,160.0,4795920.8,160.1,36.53,29307862.0
2017-08-30,159.22949999999977,163.35,160.1870866105402,157.53287448009846,163.89,162.61,10129734.1,163.8,29.48,26973946.0
2017-08-31,159.5724999999998,164.0,160.77368867045712,158.01192081490598,164.52,163.48,14481843.4,163.64,23.17,26412439.0
2017-09-01,159.9964999999998,164.05,161.2777365673099,158.45918593972775,164.94,163.63,14164703.3,164.8,21.35,16508568.0
2017-09-05,160.28099999999978,162.08,161.40116171080066,158.7273943886368,164.25,160.56,9917017.4,163.75,22.0,29317054.0
2017-09-06,160.37249999999977,161.91,161.47944452452361,158.96314295244147,162.99,160.52,5824899.0,162.71,30.94,21179047.0
2017-09-07,160.38249999999977,161.26,161.44568382844304,159.1332805115199,162.24,160.36,4909545.2,162.09,35.01,21722995.0
2017-09-08,160.55049999999977,158.63,161.01250170099024,159.09600047362954,161.15,158.53,5510916.0,160.86,37.71,28183159.0
2017-09-11,160.7514999999998,161.5,161.08750143929942,159.27407451261993,162.05,159.89,-4130963.3,160.5,31.31,31028926.0
2017-09-12,160.79999999999978,160.82,161.0463473717149,159.3885875116851,163.96,158.77,-11501124.7,162.61,31.91,71139119.0
2017-09-13,160.70249999999982,159.65,160.83152469914336,159.40795139970842,159.96,157.91,-16505883.9,159.87,36.3,44393752.0
2017-09-14,160.56899999999982,158.28,160.4389824377367,159.32439944417447,159.4,158.09,-14326763.6,158.99,36.97,23073646.0
2017-09-15,160.66949999999983,159.88,160.35298513962337,159.3655550409023,160.97,158.0,-18771592.2,158.47,38.1,48203642.0
2017-09-18,160.72799999999984,158.67,160.0940643489121,159.3140324452799,160.5,157.995,-13805151.6,160.11,40.51,27939718.0
2017-09-19,160.80399999999983,158.73,159.88420829523332,159.27077078266657,159.77,158.44,-16856570.8,159.51,42.07,20347352.0
2017-09-20,160.61849999999984,156.07,159.2974070190436,159.03367665061722,158.26,153.83,-18348609.5,157.9,49.46,51693239.0
2017-09-21,160.28899999999982,153.39,158.38857516995995,158.61562652834928,155.8,152.75,-20141736.0,155.8,61.62,36643382.0
2017-09-22,159.91999999999982,151.89,157.3887943745815,158.1174319706938,152.27,150.56,-27636862.0,152.02,66.25,46114424.0
2017-09-25,159.45449999999983,150.55,156.3366721631074,157.5568814543461,151.83,149.16,-16975851.6,149.99,76.18,43922334.0
2017-09-26,159.03799999999984,153.14,155.84487644570626,157.22970505032046,153.92,151.69,-10040521.2,151.78,76.75,35470985.0
2017-09-27,158.60399999999984,154.23,155.5964339155976,157.00750467622265,154.7189,153.54,-9922815.8,153.8,75.79,24959552.0
2017-09-28,158.10049999999984,153.28,155.24005946704412,156.7313932187247,154.28,152.7,-12157527.0,153.89,77.32,21896592.0
2017-09-29,157.60649999999984,154.12,155.06774262596042,156.53795668400434,154.13,152.0,-11216041.2,153.21,56.28,25856530.0
2017-10-02,157.09449999999984,153.81,154.87424376042804,156.33588581852254,154.45,152.72,-11636137.6,154.26,58.01,18524860.0
2017-10-03,156.71449999999984,154.48,154.81359087420833,156.1984127949283,155.09,153.91,-8451231.4,154.01,56.03,16146388.0
2017-10-04,156.29153999999986,153.4508,154.60393073971474,155.9948859212299,153.86,152.46,-2683613.2,153.63,63.12,19844177.0
2017-10-05,155.99803999999986,155.39,154.72486447206632,155.95007955669433,155.44,154.05,285454.3,154.18,54.01,21032800.0
2017-10-06,155.83153999999985,155.3,154.81334686097918,155.90192551545772,155.49,154.56,6297700.6,154.97,57.77,16423749.0
2017-10-09,155.54853999999986,155.84,154.97129349775162,155.89733844023863,156.73,155.485,4296235.2,155.81,69.3,16200129.0
2017-10-10,155.30253999999985,155.9,155.11417142117443,155.89753559281354,158.0,155.1,3461049.3,156.055,74.27,15456331.0
2017-10-11,155.14753999999988,156.55,155.33506812560913,155.94586628964217,156.98,155.75,4046136.5,155.97,76.06,16607693.0
2017-10-12,155.03353999999985,156.0,155.43736533705388,155.94987619411313,157.37,155.7299,3089244.3,156.35,71.3,16045720.0
2017-10-13,154.88903999999985,156.99,155.67623220827636,156.0269224019566,157.28,156.41,7331193.3,156.73,71.56,16287608.0
2017-10-16,154.94953999999984,159.88,156.32296571469539,156.31233555736725,160.0,157.65,7598198.3,157.9,73.12,23894630.0
2017-10-17,155.03653999999983,160.47,156.96097098935763,156.62031070126596,160.87,159.23,7966750.1,159.78,74.22,18816438.0
2017-10-18,155.22103999999985,159.76,157.39159083714878,156.85288027894995,160.71,159.6,1652337.5,160.42,76.59,16158659.0
2017-10-19,155.35053999999985,155.98,157.17442301604896,156.7882224805092,157.08,155.02,5655937.0,156.75,88.88,42111326.0
2017-10-20,155.56403999999984,156.16,157.0183579366568,156.74168748195297,157.75,155.96,6201370.2,156.61,84.77,23612246.0
2017-10-23,155.84503999999984,156.17,156.88784133101728,156.69934026106756,157.69,155.5,6369510.2,156.89,82.59,21654461.0
2017-10-24,156.04303999999985,157.1,156.9204811262454,156.72901876024775,157.42,156.2,2696085.5,156.29,74.54,17137731.0
2017-10-25,156.15178999999983,156.405,156.84117633759226,156.70501737059976,157.55,155.27,5975826.6,156.91,70.73,20126554.0
2017-10-26,156.35828999999984,157.41,156.92868767027036,156.75723830611088,157.8295,156.78,8737480.8,157.23,71.67,16751691.0
2017-10-27,156.80478999999985,163.05,157.87042802869033,157.22336880195454,163.6,158.7,10740347.0,159.29,63.2,43904150.0
2017-10-30,157.45028999999982,166.72,159.23190063966103,157.92682296477273,168.07,163.72,12406170.4,163.89,56.97,43923292.0
2017-10-31,158.17828999999983,169.04,160.7408390027901,158.75002126367843,169.6499,166.94,10711951.6,167.9,58.46,35474672.0
2017-11-01,158.85024999999982,166.89,161.68686377159162,159.35298265155413,169.94,165.61,18194088.2,169.87,66.88,33100847.0
2017-11-02,159.48624999999984,168.11,162.67503857596213,160.00165060329084,168.5,165.28,21701246.2,167.64,65.11,32710040.0
2017-11-03,160.34624999999983,172.5,164.1865711027372,160.92745426230633,174.26,171.12,22960056.7,174.0,54.14,58683826.0
2017-11-06,161.26674999999983,174.25,165.73479093308532,161.9143095021355,174.99,171.72,23637375.0,172.365,46.8,34242566.0
2017-11-07,162.2122499999998,174.81,167.13097694337986,162.86954583531065,175.25,173.6,28513683.5,173.91,37.6,23910914.0
2017-11-09,163.1787499999998,175.88,168.47698049055222,163.83328318084318,176.095,173.14,24332396.1,175.11,41.16,28636531.0
2017-11-10,164.11224999999982,174.67,169.42975272277496,164.63600294522516,175.38,174.27,18259178.6,175.11,41.91,25061183.0
2017-11-13,164.96124999999978,173.97,170.1282523038865,165.32741013446773,174.5,173.4,11508004.3,173.5,40.91,16828025.0
2017-11-14,165.5342499999998,171.34,170.31467502636548,165.7727871615442,173.48,171.18,5090302.0,173.04,45.85,23588451.0
2017-11-15,165.9647499999998,169.08,170.12472502230926,166.01776589031869,170.3197,168.38,10750119.3,169.97,49.81,28702351.0
2017-11-16,166.5317499999998,171.1,170.2747673265694,166.394227676221,171.87,170.3,5312534.2,171.18,45.22,23497326.0
2017-11-17,167.24024999999978,170.15,170.255572353251,166.67243303353794,171.39,169.64,-2153287.1,171.04,47.62,21665811.0
2017-11-20,167.9312499999998,169.98,170.213176606597,166.9174379940166,170.56,169.56,-3089996.6,170.29,56.89,15974387.0
2017-11-21,168.77974999999978,173.14,170.66345712865902,167.37836851297834,173.7,170.78,-2981360.6,170.78,45.84,24875471.0
2017-11-22,169.67274999999978,174.96,171.32446372424994,167.9399708453503,175.0,173.05,-4442361.8,173.36,41.63,24997274.0
2017-11-24,170.60099999999977,174.97,171.88531545898073,168.4607137456947,175.5,174.6459,-3989874.8,175.1,41.47,14026519.0
2017-11-27,171.43499999999977,174.09,172.2244976960606,168.87769791268028,175.08,173.34,-4853916.5,175.05,49.35,20536313.0
2017-11-28,171.93599999999978,173.07,172.35457497358976,169.18823880803728,174.87,171.86,-6573903.8,174.3,59.1,25468442.0
2017-11-29,172.07399999999978,169.48,171.91233266996056,169.20985074818267,172.92,167.16,313568.1,172.63,65.15,40788324.0
2017-11-30,172.2144999999998,171.85,171.90274302842818,169.4054173594284,172.14,168.44,-5995172.5,170.43,58.61,40172368.0
2017-12-01,172.42249999999981,171.05,171.77155179328537,169.52723829576706,171.67,168.5,-7040096.6,169.95,63.77,39590080.0
2017-12-04,172.5069999999998,169.8,171.4682361327799,169.54744286645098,172.62,169.63,-8143500.7,172.48,69.83,32115052.0
2017-12-05,172.3639999999998,169.64,171.18696903542912,169.55429895041758,171.52,168.4,-13453483.5,169.06,52.67,27008428.0
2017-12-06,172.1019999999998,169.01,170.85205072228615,169.51398050964593,170.2047,166.46,-13506249.6,167.5,54.73,28224357.0
2017-12-07,171.83409999999984,169.452,170.63665830347293,169.50938936078327,170.44,168.91,-17218588.7,169.03,54.83,24469613.0
2017-12-08,171.50859999999983,169.37,170.4417877952463,169.49906422294748,171.0,168.82,-11855752.3,170.49,49.62,23096872.0
